ProjectName;FilePath;SmellType;Line
aitd-roomviewer;/home/videogames/EvoAnalysis/StarterCSV/progetto1/aitd-roomviewer/Assets/Scripts/DosBox/DosBox.cs;Weak Temporization;444
aitd-roomviewer;/home/videogames/EvoAnalysis/StarterCSV/progetto1/aitd-roomviewer/Assets/Scripts/DosBox/WarpDialog.cs;Weak Temporization;30
aitd-roomviewer;/home/videogames/EvoAnalysis/StarterCSV/progetto1/aitd-roomviewer/Assets/Scripts/Room/RoomLoader.cs;Weak Temporization;433
aitd-roomviewer;/home/videogames/EvoAnalysis/StarterCSV/progetto1/aitd-roomviewer/Assets/Scripts/Model/ModelLoader.cs;Weak Temporization;732
aitd-roomviewer;/home/videogames/EvoAnalysis/StarterCSV/progetto1/aitd-roomviewer/Assets/Scripts/DosBox/DosBox.cs;Dependency Between Objects;12
aitd-roomviewer;/home/videogames/EvoAnalysis/StarterCSV/progetto1/aitd-roomviewer/Assets/Scripts/DosBox/DosBox.cs;Dependency Between Objects;14
aitd-roomviewer;/home/videogames/EvoAnalysis/StarterCSV/progetto1/aitd-roomviewer/Assets/Scripts/DosBox/DosBox.cs;Dependency Between Objects;15
aitd-roomviewer;/home/videogames/EvoAnalysis/StarterCSV/progetto1/aitd-roomviewer/Assets/Scripts/DosBox/DosBox.cs;Dependency Between Objects;16
aitd-roomviewer;/home/videogames/EvoAnalysis/StarterCSV/progetto1/aitd-roomviewer/Assets/Scripts/DosBox/DosBox.cs;Dependency Between Objects;22
aitd-roomviewer;/home/videogames/EvoAnalysis/StarterCSV/progetto1/aitd-roomviewer/Assets/Scripts/DosBox/DosBox.cs;Dependency Between Objects;23
aitd-roomviewer;/home/videogames/EvoAnalysis/StarterCSV/progetto1/aitd-roomviewer/Assets/Scripts/DosBox/DosBox.cs;Dependency Between Objects;55
aitd-roomviewer;/home/videogames/EvoAnalysis/StarterCSV/progetto1/aitd-roomviewer/Assets/Scripts/DosBox/DosBox.cs;Dependency Between Objects;56
aitd-roomviewer;/home/videogames/EvoAnalysis/StarterCSV/progetto1/aitd-roomviewer/Assets/Scripts/DosBox/WarpDialog.cs;Dependency Between Objects;12
aitd-roomviewer;/home/videogames/EvoAnalysis/StarterCSV/progetto1/aitd-roomviewer/Assets/Scripts/DosBox/WarpDialog.cs;Dependency Between Objects;20
aitd-roomviewer;/home/videogames/EvoAnalysis/StarterCSV/progetto1/aitd-roomviewer/Assets/Scripts/DosBox/WarpDialog.cs;Dependency Between Objects;22
aitd-roomviewer;/home/videogames/EvoAnalysis/StarterCSV/progetto1/aitd-roomviewer/Assets/Scripts/Room/RoomLoader.cs;Dependency Between Objects;21
aitd-roomviewer;/home/videogames/EvoAnalysis/StarterCSV/progetto1/aitd-roomviewer/Assets/Scripts/Room/RoomLoader.cs;Dependency Between Objects;23
aitd-roomviewer;/home/videogames/EvoAnalysis/StarterCSV/progetto1/aitd-roomviewer/Assets/Scripts/Room/RoomLoader.cs;Dependency Between Objects;24
aitd-roomviewer;/home/videogames/EvoAnalysis/StarterCSV/progetto1/aitd-roomviewer/Assets/Scripts/Room/RoomLoader.cs;Dependency Between Objects;28
aitd-roomviewer;/home/videogames/EvoAnalysis/StarterCSV/progetto1/aitd-roomviewer/Assets/Scripts/Room/RoomLoader.cs;Dependency Between Objects;31
aitd-roomviewer;/home/videogames/EvoAnalysis/StarterCSV/progetto1/aitd-roomviewer/Assets/Scripts/Room/RoomLoader.cs;Dependency Between Objects;32
aitd-roomviewer;/home/videogames/EvoAnalysis/StarterCSV/progetto1/aitd-roomviewer/Assets/Scripts/Room/RoomLoader.cs;Dependency Between Objects;34
aitd-roomviewer;/home/videogames/EvoAnalysis/StarterCSV/progetto1/aitd-roomviewer/Assets/Scripts/Room/RoomLoader.cs;Dependency Between Objects;35
aitd-roomviewer;/home/videogames/EvoAnalysis/StarterCSV/progetto1/aitd-roomviewer/Assets/Scripts/Room/RoomLoader.cs;Dependency Between Objects;36
aitd-roomviewer;/home/videogames/EvoAnalysis/StarterCSV/progetto1/aitd-roomviewer/Assets/Scripts/Room/RoomLoader.cs;Dependency Between Objects;45
aitd-roomviewer;/home/videogames/EvoAnalysis/StarterCSV/progetto1/aitd-roomviewer/Assets/Scripts/Room/RoomLoader.cs;Dependency Between Objects;46
aitd-roomviewer;/home/videogames/EvoAnalysis/StarterCSV/progetto1/aitd-roomviewer/Assets/Scripts/Room/RoomLoader.cs;Dependency Between Objects;48
aitd-roomviewer;/home/videogames/EvoAnalysis/StarterCSV/progetto1/aitd-roomviewer/Assets/Scripts/Room/RoomLoader.cs;Dependency Between Objects;49
aitd-roomviewer;/home/videogames/EvoAnalysis/StarterCSV/progetto1/aitd-roomviewer/Assets/Scripts/Room/RoomLoader.cs;Dependency Between Objects;50
aitd-roomviewer;/home/videogames/EvoAnalysis/StarterCSV/progetto1/aitd-roomviewer/Assets/Scripts/Room/RoomLoader.cs;Dependency Between Objects;51
aitd-roomviewer;/home/videogames/EvoAnalysis/StarterCSV/progetto1/aitd-roomviewer/Assets/Scripts/Room/RoomLoader.cs;Dependency Between Objects;52
aitd-roomviewer;/home/videogames/EvoAnalysis/StarterCSV/progetto1/aitd-roomviewer/Assets/Scripts/Room/Box.cs;Dependency Between Objects;44
aitd-roomviewer;/home/videogames/EvoAnalysis/StarterCSV/progetto1/aitd-roomviewer/Assets/Scripts/Room/Box.cs;Dependency Between Objects;57
aitd-roomviewer;/home/videogames/EvoAnalysis/StarterCSV/progetto1/aitd-roomviewer/Assets/Scripts/Room/Box.cs;Dependency Between Objects;58
aitd-roomviewer;/home/videogames/EvoAnalysis/StarterCSV/progetto1/aitd-roomviewer/Assets/Scripts/Room/Box.cs;Dependency Between Objects;62
aitd-roomviewer;/home/videogames/EvoAnalysis/StarterCSV/progetto1/aitd-roomviewer/Assets/Scripts/Room/Box.cs;Dependency Between Objects;69
aitd-roomviewer;/home/videogames/EvoAnalysis/StarterCSV/progetto1/aitd-roomviewer/Assets/Scripts/Model/Frame.cs;Dependency Between Objects;8
aitd-roomviewer;/home/videogames/EvoAnalysis/StarterCSV/progetto1/aitd-roomviewer/Assets/Scripts/Model/ModelLoader.cs;Dependency Between Objects;19
aitd-roomviewer;/home/videogames/EvoAnalysis/StarterCSV/progetto1/aitd-roomviewer/Assets/Scripts/Model/ModelLoader.cs;Dependency Between Objects;25
aitd-roomviewer;/home/videogames/EvoAnalysis/StarterCSV/progetto1/aitd-roomviewer/Assets/Scripts/Model/ModelLoader.cs;Dependency Between Objects;59
aitd-roomviewer;/home/videogames/EvoAnalysis/StarterCSV/progetto1/aitd-roomviewer/Assets/Scripts/Model/ModelLoader.cs;Dependency Between Objects;60
aitd-roomviewer;/home/videogames/EvoAnalysis/StarterCSV/progetto1/aitd-roomviewer/Assets/Scripts/Model/ModelLoader.cs;Dependency Between Objects;61
aitd-roomviewer;/home/videogames/EvoAnalysis/StarterCSV/progetto1/aitd-roomviewer/Assets/Scripts/Model/ModelLoader.cs;Dependency Between Objects;62
aitd-roomviewer;/home/videogames/EvoAnalysis/StarterCSV/progetto1/aitd-roomviewer/Assets/Scripts/Model/ModelLoader.cs;Dependency Between Objects;63
aitd-roomviewer;/home/videogames/EvoAnalysis/StarterCSV/progetto1/aitd-roomviewer/Assets/Scripts/DosBox/DosBox.cs;Dependency Between Objects;343
aitd-roomviewer;/home/videogames/EvoAnalysis/StarterCSV/progetto1/aitd-roomviewer/Assets/Scripts/DosBox/DosBox.cs;Dependency Between Objects;373
aitd-roomviewer;/home/videogames/EvoAnalysis/StarterCSV/progetto1/aitd-roomviewer/Assets/Scripts/DosBox/DosBox.cs;Dependency Between Objects;574
aitd-roomviewer;/home/videogames/EvoAnalysis/StarterCSV/progetto1/aitd-roomviewer/Assets/Scripts/DosBox/DosBox.cs;Dependency Between Objects;695
aitd-roomviewer;/home/videogames/EvoAnalysis/StarterCSV/progetto1/aitd-roomviewer/Assets/Scripts/DosBox/WarpDialog.cs;Dependency Between Objects;55
aitd-roomviewer;/home/videogames/EvoAnalysis/StarterCSV/progetto1/aitd-roomviewer/Assets/Scripts/DosBox/WarpDialog.cs;Dependency Between Objects;115
aitd-roomviewer;/home/videogames/EvoAnalysis/StarterCSV/progetto1/aitd-roomviewer/Assets/Scripts/DosBox/WarpDialog.cs;Dependency Between Objects;128
aitd-roomviewer;/home/videogames/EvoAnalysis/StarterCSV/progetto1/aitd-roomviewer/Assets/Scripts/DosBox/WarpDialog.cs;Dependency Between Objects;140
aitd-roomviewer;/home/videogames/EvoAnalysis/StarterCSV/progetto1/aitd-roomviewer/Assets/Scripts/DosBox/WarpDialog.cs;Dependency Between Objects;196
aitd-roomviewer;/home/videogames/EvoAnalysis/StarterCSV/progetto1/aitd-roomviewer/Assets/Scripts/DosBox/WarpDialog.cs;Dependency Between Objects;207
aitd-roomviewer;/home/videogames/EvoAnalysis/StarterCSV/progetto1/aitd-roomviewer/Assets/Scripts/DosBox/WarpDialog.cs;Dependency Between Objects;219
aitd-roomviewer;/home/videogames/EvoAnalysis/StarterCSV/progetto1/aitd-roomviewer/Assets/Scripts/DosBox/WarpDialog.cs;Dependency Between Objects;232
aitd-roomviewer;/home/videogames/EvoAnalysis/StarterCSV/progetto1/aitd-roomviewer/Assets/Scripts/DosBox/WarpDialog.cs;Dependency Between Objects;285
aitd-roomviewer;/home/videogames/EvoAnalysis/StarterCSV/progetto1/aitd-roomviewer/Assets/Scripts/DosBox/WarpDialog.cs;Dependency Between Objects;301
aitd-roomviewer;/home/videogames/EvoAnalysis/StarterCSV/progetto1/aitd-roomviewer/Assets/Scripts/Room/RoomLoader.cs;Dependency Between Objects;962
aitd-roomviewer;/home/videogames/EvoAnalysis/StarterCSV/progetto1/aitd-roomviewer/Assets/Scripts/Room/CameraHelper.cs;Dependency Between Objects;29
aitd-roomviewer;/home/videogames/EvoAnalysis/StarterCSV/progetto1/aitd-roomviewer/Assets/Scripts/Room/Box.cs;Dependency Between Objects;232
aitd-roomviewer;/home/videogames/EvoAnalysis/StarterCSV/progetto1/aitd-roomviewer/Assets/Scripts/Room/RoomLoader.cs;Lack of separation of concern;NP
aitd-roomviewer;/home/videogames/EvoAnalysis/StarterCSV/progetto1/aitd-roomviewer/Assets/Scripts/Model/ModelLoader.cs;Lack of separation of concern;NP
aitd-roomviewer;/home/videogames/EvoAnalysis/StarterCSV/progetto1/aitd-roomviewer/Assets/Scripts/DosBox/DosBox.cs;Poor State Design;457
aitd-roomviewer;/home/videogames/EvoAnalysis/StarterCSV/progetto1/aitd-roomviewer/Assets/Scripts/DosBox/WarpDialog.cs;Poor State Design;58
aitd-roomviewer;/home/videogames/EvoAnalysis/StarterCSV/progetto1/aitd-roomviewer/Assets/Scripts/DosBox/WarpDialog.cs;Poor State Design;32
aitd-roomviewer;/home/videogames/EvoAnalysis/StarterCSV/progetto1/aitd-roomviewer/Assets/Scripts/DosBox/WarpDialog.cs;Poor State Design;42
aitd-roomviewer;/home/videogames/EvoAnalysis/StarterCSV/progetto1/aitd-roomviewer/Assets/Scripts/DosBox/WarpDialog.cs;Poor State Design;42
aitd-roomviewer;/home/videogames/EvoAnalysis/StarterCSV/progetto1/aitd-roomviewer/Assets/Scripts/Room/RoomLoader.cs;Poor State Design;571
aitd-roomviewer;/home/videogames/EvoAnalysis/StarterCSV/progetto1/aitd-roomviewer/Assets/Scripts/Room/RoomLoader.cs;Poor State Design;612
aitd-roomviewer;/home/videogames/EvoAnalysis/StarterCSV/progetto1/aitd-roomviewer/Assets/Scripts/Room/RoomLoader.cs;Poor State Design;579
aitd-roomviewer;/home/videogames/EvoAnalysis/StarterCSV/progetto1/aitd-roomviewer/Assets/Scripts/Room/RoomLoader.cs;Poor State Design;581
aitd-roomviewer;/home/videogames/EvoAnalysis/StarterCSV/progetto1/aitd-roomviewer/Assets/Scripts/Room/RoomLoader.cs;Poor State Design;584
aitd-roomviewer;/home/videogames/EvoAnalysis/StarterCSV/progetto1/aitd-roomviewer/Assets/Scripts/Room/RoomLoader.cs;Poor State Design;623
aitd-roomviewer;/home/videogames/EvoAnalysis/StarterCSV/progetto1/aitd-roomviewer/Assets/Scripts/Room/RoomLoader.cs;Poor State Design;623
aitd-roomviewer;/home/videogames/EvoAnalysis/StarterCSV/progetto1/aitd-roomviewer/Assets/Scripts/Room/RoomLoader.cs;Poor State Design;646
aitd-roomviewer;/home/videogames/EvoAnalysis/StarterCSV/progetto1/aitd-roomviewer/Assets/Scripts/Room/RoomLoader.cs;Poor State Design;627
aitd-roomviewer;/home/videogames/EvoAnalysis/StarterCSV/progetto1/aitd-roomviewer/Assets/Scripts/Room/RoomLoader.cs;Poor State Design;633
aitd-roomviewer;/home/videogames/EvoAnalysis/StarterCSV/progetto1/aitd-roomviewer/Assets/Scripts/Room/RoomLoader.cs;Poor State Design;633
aitd-roomviewer;/home/videogames/EvoAnalysis/StarterCSV/progetto1/aitd-roomviewer/Assets/Scripts/Room/RoomLoader.cs;Poor State Design;670
aitd-roomviewer;/home/videogames/EvoAnalysis/StarterCSV/progetto1/aitd-roomviewer/Assets/Scripts/Room/RoomLoader.cs;Poor State Design;670
aitd-roomviewer;/home/videogames/EvoAnalysis/StarterCSV/progetto1/aitd-roomviewer/Assets/Scripts/Room/RoomLoader.cs;Poor State Design;674
aitd-roomviewer;/home/videogames/EvoAnalysis/StarterCSV/progetto1/aitd-roomviewer/Assets/Scripts/Room/RoomLoader.cs;Poor State Design;648
aitd-roomviewer;/home/videogames/EvoAnalysis/StarterCSV/progetto1/aitd-roomviewer/Assets/Scripts/Room/RoomLoader.cs;Poor State Design;648
aitd-roomviewer;/home/videogames/EvoAnalysis/StarterCSV/progetto1/aitd-roomviewer/Assets/Scripts/Room/RoomLoader.cs;Poor State Design;658
aitd-roomviewer;/home/videogames/EvoAnalysis/StarterCSV/progetto1/aitd-roomviewer/Assets/Scripts/Room/RoomLoader.cs;Poor State Design;813
aitd-roomviewer;/home/videogames/EvoAnalysis/StarterCSV/progetto1/aitd-roomviewer/Assets/Scripts/Room/RoomLoader.cs;Poor State Design;817
aitd-roomviewer;/home/videogames/EvoAnalysis/StarterCSV/progetto1/aitd-roomviewer/Assets/Scripts/Room/RoomLoader.cs;Poor State Design;884
aitd-roomviewer;/home/videogames/EvoAnalysis/StarterCSV/progetto1/aitd-roomviewer/Assets/Scripts/Room/RoomLoader.cs;Poor State Design;894
aitd-roomviewer;/home/videogames/EvoAnalysis/StarterCSV/progetto1/aitd-roomviewer/Assets/Scripts/Room/RoomLoader.cs;Poor State Design;903
aitd-roomviewer;/home/videogames/EvoAnalysis/StarterCSV/progetto1/aitd-roomviewer/Assets/Scripts/Room/RoomLoader.cs;Poor State Design;721
aitd-roomviewer;/home/videogames/EvoAnalysis/StarterCSV/progetto1/aitd-roomviewer/Assets/Scripts/Room/RoomLoader.cs;Poor State Design;745
aitd-roomviewer;/home/videogames/EvoAnalysis/StarterCSV/progetto1/aitd-roomviewer/Assets/Scripts/Room/RoomLoader.cs;Poor State Design;724
aitd-roomviewer;/home/videogames/EvoAnalysis/StarterCSV/progetto1/aitd-roomviewer/Assets/Scripts/Room/RoomLoader.cs;Poor State Design;733
aitd-roomviewer;/home/videogames/EvoAnalysis/StarterCSV/progetto1/aitd-roomviewer/Assets/Scripts/Room/RoomLoader.cs;Poor State Design;460
aitd-roomviewer;/home/videogames/EvoAnalysis/StarterCSV/progetto1/aitd-roomviewer/Assets/Scripts/Room/RoomLoader.cs;Poor State Design;516
aitd-roomviewer;/home/videogames/EvoAnalysis/StarterCSV/progetto1/aitd-roomviewer/Assets/Scripts/Room/RoomLoader.cs;Poor State Design;522
aitd-roomviewer;/home/videogames/EvoAnalysis/StarterCSV/progetto1/aitd-roomviewer/Assets/Scripts/Room/RoomLoader.cs;Poor State Design;522
aitd-roomviewer;/home/videogames/EvoAnalysis/StarterCSV/progetto1/aitd-roomviewer/Assets/Scripts/Room/RoomLoader.cs;Poor State Design;535
aitd-roomviewer;/home/videogames/EvoAnalysis/StarterCSV/progetto1/aitd-roomviewer/Assets/Scripts/Room/RoomLoader.cs;Poor State Design;552
aitd-roomviewer;/home/videogames/EvoAnalysis/StarterCSV/progetto1/aitd-roomviewer/Assets/Scripts/Room/RoomLoader.cs;Poor State Design;552
aitd-roomviewer;/home/videogames/EvoAnalysis/StarterCSV/progetto1/aitd-roomviewer/Assets/Scripts/Room/RoomLoader.cs;Poor State Design;473
aitd-roomviewer;/home/videogames/EvoAnalysis/StarterCSV/progetto1/aitd-roomviewer/Assets/Scripts/Room/RoomLoader.cs;Poor State Design;481
aitd-roomviewer;/home/videogames/EvoAnalysis/StarterCSV/progetto1/aitd-roomviewer/Assets/Scripts/Room/RoomLoader.cs;Poor State Design;493
aitd-roomviewer;/home/videogames/EvoAnalysis/StarterCSV/progetto1/aitd-roomviewer/Assets/Scripts/Room/RoomLoader.cs;Poor State Design;505
aitd-roomviewer;/home/videogames/EvoAnalysis/StarterCSV/progetto1/aitd-roomviewer/Assets/Scripts/Room/RoomLoader.cs;Poor State Design;505
aitd-roomviewer;/home/videogames/EvoAnalysis/StarterCSV/progetto1/aitd-roomviewer/Assets/Scripts/Room/RoomLoader.cs;Poor State Design;505
aitd-roomviewer;/home/videogames/EvoAnalysis/StarterCSV/progetto1/aitd-roomviewer/Assets/Scripts/Room/RoomLoader.cs;Poor State Design;500
aitd-roomviewer;/home/videogames/EvoAnalysis/StarterCSV/progetto1/aitd-roomviewer/Assets/Scripts/Model/ModelLoader.cs;Poor State Design;1143
aitd-roomviewer;/home/videogames/EvoAnalysis/StarterCSV/progetto1/aitd-roomviewer/Assets/Scripts/Model/ModelLoader.cs;Poor State Design;1157
aitd-roomviewer;/home/videogames/EvoAnalysis/StarterCSV/progetto1/aitd-roomviewer/Assets/Scripts/Model/ModelLoader.cs;Poor State Design;1171
aitd-roomviewer;/home/videogames/EvoAnalysis/StarterCSV/progetto1/aitd-roomviewer/Assets/Scripts/Model/ModelLoader.cs;Poor State Design;1175
aitd-roomviewer;/home/videogames/EvoAnalysis/StarterCSV/progetto1/aitd-roomviewer/Assets/Scripts/Model/ModelLoader.cs;Poor State Design;1204
aitd-roomviewer;/home/videogames/EvoAnalysis/StarterCSV/progetto1/aitd-roomviewer/Assets/Scripts/Model/ModelLoader.cs;Poor State Design;272
aitd-roomviewer;/home/videogames/EvoAnalysis/StarterCSV/progetto1/aitd-roomviewer/Assets/Scripts/Model/ModelLoader.cs;Poor State Design;342
aitd-roomviewer;/home/videogames/EvoAnalysis/StarterCSV/progetto1/aitd-roomviewer/Assets/Scripts/Model/ModelLoader.cs;Poor State Design;120
aitd-roomviewer;/home/videogames/EvoAnalysis/StarterCSV/progetto1/aitd-roomviewer/Assets/Scripts/Model/ModelLoader.cs;Poor State Design;418
aitd-roomviewer;/home/videogames/EvoAnalysis/StarterCSV/progetto1/aitd-roomviewer/Assets/Scripts/Model/ModelLoader.cs;Poor State Design;161
aitd-roomviewer;/home/videogames/EvoAnalysis/StarterCSV/progetto1/aitd-roomviewer/Assets/Scripts/Model/ModelLoader.cs;Poor State Design;622
aitd-roomviewer;/home/videogames/EvoAnalysis/StarterCSV/progetto1/aitd-roomviewer/Assets/Scripts/Model/ModelLoader.cs;Poor State Design;589
aitd-roomviewer;/home/videogames/EvoAnalysis/StarterCSV/progetto1/aitd-roomviewer/Assets/Scripts/Model/ModelLoader.cs;Poor State Design;895
aitd-roomviewer;/home/videogames/EvoAnalysis/StarterCSV/progetto1/aitd-roomviewer/Assets/Scripts/Model/ModelLoader.cs;Poor State Design;897
aitd-roomviewer;/home/videogames/EvoAnalysis/StarterCSV/progetto1/aitd-roomviewer/Assets/Scripts/Model/ModelLoader.cs;Poor State Design;757
aitd-roomviewer;/home/videogames/EvoAnalysis/StarterCSV/progetto1/aitd-roomviewer/Assets/Scripts/Model/ModelLoader.cs;Poor State Design;817
aitd-roomviewer;/home/videogames/EvoAnalysis/StarterCSV/progetto1/aitd-roomviewer/Assets/Scripts/Model/ModelLoader.cs;Poor State Design;829
aitd-roomviewer;/home/videogames/EvoAnalysis/StarterCSV/progetto1/aitd-roomviewer/Assets/Scripts/Model/ModelLoader.cs;Poor State Design;829
aitd-roomviewer;/home/videogames/EvoAnalysis/StarterCSV/progetto1/aitd-roomviewer/Assets/Scripts/Model/ModelLoader.cs;Poor State Design;835
aitd-roomviewer;/home/videogames/EvoAnalysis/StarterCSV/progetto1/aitd-roomviewer/Assets/Scripts/Model/ModelLoader.cs;Poor State Design;835
aitd-roomviewer;/home/videogames/EvoAnalysis/StarterCSV/progetto1/aitd-roomviewer/Assets/Scripts/Model/ModelLoader.cs;Poor State Design;842
aitd-roomviewer;/home/videogames/EvoAnalysis/StarterCSV/progetto1/aitd-roomviewer/Assets/Scripts/Model/ModelLoader.cs;Poor State Design;842
aitd-roomviewer;/home/videogames/EvoAnalysis/StarterCSV/progetto1/aitd-roomviewer/Assets/Scripts/Model/ModelLoader.cs;Poor State Design;849
aitd-roomviewer;/home/videogames/EvoAnalysis/StarterCSV/progetto1/aitd-roomviewer/Assets/Scripts/Model/ModelLoader.cs;Poor State Design;849
aitd-roomviewer;/home/videogames/EvoAnalysis/StarterCSV/progetto1/aitd-roomviewer/Assets/Scripts/Model/ModelLoader.cs;Poor State Design;849
aitd-roomviewer;/home/videogames/EvoAnalysis/StarterCSV/progetto1/aitd-roomviewer/Assets/Scripts/Model/ModelLoader.cs;Poor State Design;867
aitd-roomviewer;/home/videogames/EvoAnalysis/StarterCSV/progetto1/aitd-roomviewer/Assets/Scripts/Model/ModelLoader.cs;Poor State Design;739
aitd-roomviewer;/home/videogames/EvoAnalysis/StarterCSV/progetto1/aitd-roomviewer/Assets/Scripts/Model/ModelLoader.cs;Poor State Design;787
aitd-roomviewer;/home/videogames/EvoAnalysis/StarterCSV/progetto1/aitd-roomviewer/Assets/Scripts/Model/ModelLoader.cs;Poor State Design;803
aitd-roomviewer;/home/videogames/EvoAnalysis/StarterCSV/progetto1/aitd-roomviewer/Assets/Scripts/Model/ModelLoader.cs;Poor State Design;806
aitd-roomviewer;/home/videogames/EvoAnalysis/StarterCSV/progetto1/aitd-roomviewer/Assets/Scripts/Model/ModelLoader.cs;Poor State Design;809
