ProjectName;FilePath;SmellType;Line
aitd-roomviewer;/home/videogames/EvoAnalysis/StarterCSV/progetto1/aitd-roomviewer/Assets/Scripts/DosBox/DosBox.cs;Weak Temporization;477
aitd-roomviewer;/home/videogames/EvoAnalysis/StarterCSV/progetto1/aitd-roomviewer/Assets/Scripts/DosBox/WarpDialog.cs;Weak Temporization;30
aitd-roomviewer;/home/videogames/EvoAnalysis/StarterCSV/progetto1/aitd-roomviewer/Assets/Scripts/Room/RoomLoader.cs;Weak Temporization;481
aitd-roomviewer;/home/videogames/EvoAnalysis/StarterCSV/progetto1/aitd-roomviewer/Assets/Scripts/Model/ModelLoader.cs;Weak Temporization;732
aitd-roomviewer;/home/videogames/EvoAnalysis/StarterCSV/progetto1/aitd-roomviewer/Assets/Scripts/DosBox/DosBox.cs;Dependency Between Objects;12
aitd-roomviewer;/home/videogames/EvoAnalysis/StarterCSV/progetto1/aitd-roomviewer/Assets/Scripts/DosBox/DosBox.cs;Dependency Between Objects;14
aitd-roomviewer;/home/videogames/EvoAnalysis/StarterCSV/progetto1/aitd-roomviewer/Assets/Scripts/DosBox/DosBox.cs;Dependency Between Objects;15
aitd-roomviewer;/home/videogames/EvoAnalysis/StarterCSV/progetto1/aitd-roomviewer/Assets/Scripts/DosBox/DosBox.cs;Dependency Between Objects;16
aitd-roomviewer;/home/videogames/EvoAnalysis/StarterCSV/progetto1/aitd-roomviewer/Assets/Scripts/DosBox/DosBox.cs;Dependency Between Objects;22
aitd-roomviewer;/home/videogames/EvoAnalysis/StarterCSV/progetto1/aitd-roomviewer/Assets/Scripts/DosBox/DosBox.cs;Dependency Between Objects;23
aitd-roomviewer;/home/videogames/EvoAnalysis/StarterCSV/progetto1/aitd-roomviewer/Assets/Scripts/DosBox/DosBox.cs;Dependency Between Objects;59
aitd-roomviewer;/home/videogames/EvoAnalysis/StarterCSV/progetto1/aitd-roomviewer/Assets/Scripts/DosBox/DosBox.cs;Dependency Between Objects;60
aitd-roomviewer;/home/videogames/EvoAnalysis/StarterCSV/progetto1/aitd-roomviewer/Assets/Scripts/DosBox/WarpDialog.cs;Dependency Between Objects;12
aitd-roomviewer;/home/videogames/EvoAnalysis/StarterCSV/progetto1/aitd-roomviewer/Assets/Scripts/DosBox/WarpDialog.cs;Dependency Between Objects;20
aitd-roomviewer;/home/videogames/EvoAnalysis/StarterCSV/progetto1/aitd-roomviewer/Assets/Scripts/DosBox/WarpDialog.cs;Dependency Between Objects;22
aitd-roomviewer;/home/videogames/EvoAnalysis/StarterCSV/progetto1/aitd-roomviewer/Assets/Scripts/Room/RoomLoader.cs;Dependency Between Objects;22
aitd-roomviewer;/home/videogames/EvoAnalysis/StarterCSV/progetto1/aitd-roomviewer/Assets/Scripts/Room/RoomLoader.cs;Dependency Between Objects;24
aitd-roomviewer;/home/videogames/EvoAnalysis/StarterCSV/progetto1/aitd-roomviewer/Assets/Scripts/Room/RoomLoader.cs;Dependency Between Objects;25
aitd-roomviewer;/home/videogames/EvoAnalysis/StarterCSV/progetto1/aitd-roomviewer/Assets/Scripts/Room/RoomLoader.cs;Dependency Between Objects;29
aitd-roomviewer;/home/videogames/EvoAnalysis/StarterCSV/progetto1/aitd-roomviewer/Assets/Scripts/Room/RoomLoader.cs;Dependency Between Objects;32
aitd-roomviewer;/home/videogames/EvoAnalysis/StarterCSV/progetto1/aitd-roomviewer/Assets/Scripts/Room/RoomLoader.cs;Dependency Between Objects;33
aitd-roomviewer;/home/videogames/EvoAnalysis/StarterCSV/progetto1/aitd-roomviewer/Assets/Scripts/Room/RoomLoader.cs;Dependency Between Objects;35
aitd-roomviewer;/home/videogames/EvoAnalysis/StarterCSV/progetto1/aitd-roomviewer/Assets/Scripts/Room/RoomLoader.cs;Dependency Between Objects;36
aitd-roomviewer;/home/videogames/EvoAnalysis/StarterCSV/progetto1/aitd-roomviewer/Assets/Scripts/Room/RoomLoader.cs;Dependency Between Objects;37
aitd-roomviewer;/home/videogames/EvoAnalysis/StarterCSV/progetto1/aitd-roomviewer/Assets/Scripts/Room/RoomLoader.cs;Dependency Between Objects;46
aitd-roomviewer;/home/videogames/EvoAnalysis/StarterCSV/progetto1/aitd-roomviewer/Assets/Scripts/Room/RoomLoader.cs;Dependency Between Objects;47
aitd-roomviewer;/home/videogames/EvoAnalysis/StarterCSV/progetto1/aitd-roomviewer/Assets/Scripts/Room/RoomLoader.cs;Dependency Between Objects;49
aitd-roomviewer;/home/videogames/EvoAnalysis/StarterCSV/progetto1/aitd-roomviewer/Assets/Scripts/Room/RoomLoader.cs;Dependency Between Objects;50
aitd-roomviewer;/home/videogames/EvoAnalysis/StarterCSV/progetto1/aitd-roomviewer/Assets/Scripts/Room/RoomLoader.cs;Dependency Between Objects;51
aitd-roomviewer;/home/videogames/EvoAnalysis/StarterCSV/progetto1/aitd-roomviewer/Assets/Scripts/Room/RoomLoader.cs;Dependency Between Objects;52
aitd-roomviewer;/home/videogames/EvoAnalysis/StarterCSV/progetto1/aitd-roomviewer/Assets/Scripts/Room/RoomLoader.cs;Dependency Between Objects;53
aitd-roomviewer;/home/videogames/EvoAnalysis/StarterCSV/progetto1/aitd-roomviewer/Assets/Scripts/Room/Box.cs;Dependency Between Objects;44
aitd-roomviewer;/home/videogames/EvoAnalysis/StarterCSV/progetto1/aitd-roomviewer/Assets/Scripts/Room/Box.cs;Dependency Between Objects;57
aitd-roomviewer;/home/videogames/EvoAnalysis/StarterCSV/progetto1/aitd-roomviewer/Assets/Scripts/Room/Box.cs;Dependency Between Objects;58
aitd-roomviewer;/home/videogames/EvoAnalysis/StarterCSV/progetto1/aitd-roomviewer/Assets/Scripts/Room/Box.cs;Dependency Between Objects;62
aitd-roomviewer;/home/videogames/EvoAnalysis/StarterCSV/progetto1/aitd-roomviewer/Assets/Scripts/Room/Box.cs;Dependency Between Objects;69
aitd-roomviewer;/home/videogames/EvoAnalysis/StarterCSV/progetto1/aitd-roomviewer/Assets/Scripts/Model/Frame.cs;Dependency Between Objects;8
aitd-roomviewer;/home/videogames/EvoAnalysis/StarterCSV/progetto1/aitd-roomviewer/Assets/Scripts/Model/ModelLoader.cs;Dependency Between Objects;19
aitd-roomviewer;/home/videogames/EvoAnalysis/StarterCSV/progetto1/aitd-roomviewer/Assets/Scripts/Model/ModelLoader.cs;Dependency Between Objects;25
aitd-roomviewer;/home/videogames/EvoAnalysis/StarterCSV/progetto1/aitd-roomviewer/Assets/Scripts/Model/ModelLoader.cs;Dependency Between Objects;59
aitd-roomviewer;/home/videogames/EvoAnalysis/StarterCSV/progetto1/aitd-roomviewer/Assets/Scripts/Model/ModelLoader.cs;Dependency Between Objects;60
aitd-roomviewer;/home/videogames/EvoAnalysis/StarterCSV/progetto1/aitd-roomviewer/Assets/Scripts/Model/ModelLoader.cs;Dependency Between Objects;61
aitd-roomviewer;/home/videogames/EvoAnalysis/StarterCSV/progetto1/aitd-roomviewer/Assets/Scripts/Model/ModelLoader.cs;Dependency Between Objects;62
aitd-roomviewer;/home/videogames/EvoAnalysis/StarterCSV/progetto1/aitd-roomviewer/Assets/Scripts/Model/ModelLoader.cs;Dependency Between Objects;63
aitd-roomviewer;/home/videogames/EvoAnalysis/StarterCSV/progetto1/aitd-roomviewer/Assets/Scripts/DosBox/DosBox.cs;Dependency Between Objects;376
aitd-roomviewer;/home/videogames/EvoAnalysis/StarterCSV/progetto1/aitd-roomviewer/Assets/Scripts/DosBox/DosBox.cs;Dependency Between Objects;406
aitd-roomviewer;/home/videogames/EvoAnalysis/StarterCSV/progetto1/aitd-roomviewer/Assets/Scripts/DosBox/DosBox.cs;Dependency Between Objects;611
aitd-roomviewer;/home/videogames/EvoAnalysis/StarterCSV/progetto1/aitd-roomviewer/Assets/Scripts/DosBox/DosBox.cs;Dependency Between Objects;739
aitd-roomviewer;/home/videogames/EvoAnalysis/StarterCSV/progetto1/aitd-roomviewer/Assets/Scripts/DosBox/WarpDialog.cs;Dependency Between Objects;55
aitd-roomviewer;/home/videogames/EvoAnalysis/StarterCSV/progetto1/aitd-roomviewer/Assets/Scripts/DosBox/WarpDialog.cs;Dependency Between Objects;115
aitd-roomviewer;/home/videogames/EvoAnalysis/StarterCSV/progetto1/aitd-roomviewer/Assets/Scripts/DosBox/WarpDialog.cs;Dependency Between Objects;131
aitd-roomviewer;/home/videogames/EvoAnalysis/StarterCSV/progetto1/aitd-roomviewer/Assets/Scripts/DosBox/WarpDialog.cs;Dependency Between Objects;143
aitd-roomviewer;/home/videogames/EvoAnalysis/StarterCSV/progetto1/aitd-roomviewer/Assets/Scripts/DosBox/WarpDialog.cs;Dependency Between Objects;199
aitd-roomviewer;/home/videogames/EvoAnalysis/StarterCSV/progetto1/aitd-roomviewer/Assets/Scripts/DosBox/WarpDialog.cs;Dependency Between Objects;210
aitd-roomviewer;/home/videogames/EvoAnalysis/StarterCSV/progetto1/aitd-roomviewer/Assets/Scripts/DosBox/WarpDialog.cs;Dependency Between Objects;222
aitd-roomviewer;/home/videogames/EvoAnalysis/StarterCSV/progetto1/aitd-roomviewer/Assets/Scripts/DosBox/WarpDialog.cs;Dependency Between Objects;235
aitd-roomviewer;/home/videogames/EvoAnalysis/StarterCSV/progetto1/aitd-roomviewer/Assets/Scripts/DosBox/WarpDialog.cs;Dependency Between Objects;288
aitd-roomviewer;/home/videogames/EvoAnalysis/StarterCSV/progetto1/aitd-roomviewer/Assets/Scripts/DosBox/WarpDialog.cs;Dependency Between Objects;300
aitd-roomviewer;/home/videogames/EvoAnalysis/StarterCSV/progetto1/aitd-roomviewer/Assets/Scripts/Room/RoomLoader.cs;Dependency Between Objects;1019
aitd-roomviewer;/home/videogames/EvoAnalysis/StarterCSV/progetto1/aitd-roomviewer/Assets/Scripts/Room/CameraHelper.cs;Dependency Between Objects;29
aitd-roomviewer;/home/videogames/EvoAnalysis/StarterCSV/progetto1/aitd-roomviewer/Assets/Scripts/Room/Box.cs;Dependency Between Objects;236
aitd-roomviewer;/home/videogames/EvoAnalysis/StarterCSV/progetto1/aitd-roomviewer/Assets/Scripts/Room/RoomLoader.cs;Lack of separation of concern;NP
aitd-roomviewer;/home/videogames/EvoAnalysis/StarterCSV/progetto1/aitd-roomviewer/Assets/Scripts/Model/ModelLoader.cs;Lack of separation of concern;NP
aitd-roomviewer;/home/videogames/EvoAnalysis/StarterCSV/progetto1/aitd-roomviewer/Assets/Scripts/DosBox/DosBox.cs;Poor State Design;493
aitd-roomviewer;/home/videogames/EvoAnalysis/StarterCSV/progetto1/aitd-roomviewer/Assets/Scripts/DosBox/DosBox.cs;Poor State Design;493
aitd-roomviewer;/home/videogames/EvoAnalysis/StarterCSV/progetto1/aitd-roomviewer/Assets/Scripts/DosBox/WarpDialog.cs;Poor State Design;58
aitd-roomviewer;/home/videogames/EvoAnalysis/StarterCSV/progetto1/aitd-roomviewer/Assets/Scripts/DosBox/WarpDialog.cs;Poor State Design;32
aitd-roomviewer;/home/videogames/EvoAnalysis/StarterCSV/progetto1/aitd-roomviewer/Assets/Scripts/DosBox/WarpDialog.cs;Poor State Design;42
aitd-roomviewer;/home/videogames/EvoAnalysis/StarterCSV/progetto1/aitd-roomviewer/Assets/Scripts/DosBox/WarpDialog.cs;Poor State Design;42
aitd-roomviewer;/home/videogames/EvoAnalysis/StarterCSV/progetto1/aitd-roomviewer/Assets/Scripts/Room/RoomLoader.cs;Poor State Design;620
aitd-roomviewer;/home/videogames/EvoAnalysis/StarterCSV/progetto1/aitd-roomviewer/Assets/Scripts/Room/RoomLoader.cs;Poor State Design;663
aitd-roomviewer;/home/videogames/EvoAnalysis/StarterCSV/progetto1/aitd-roomviewer/Assets/Scripts/Room/RoomLoader.cs;Poor State Design;628
aitd-roomviewer;/home/videogames/EvoAnalysis/StarterCSV/progetto1/aitd-roomviewer/Assets/Scripts/Room/RoomLoader.cs;Poor State Design;630
aitd-roomviewer;/home/videogames/EvoAnalysis/StarterCSV/progetto1/aitd-roomviewer/Assets/Scripts/Room/RoomLoader.cs;Poor State Design;633
aitd-roomviewer;/home/videogames/EvoAnalysis/StarterCSV/progetto1/aitd-roomviewer/Assets/Scripts/Room/RoomLoader.cs;Poor State Design;676
aitd-roomviewer;/home/videogames/EvoAnalysis/StarterCSV/progetto1/aitd-roomviewer/Assets/Scripts/Room/RoomLoader.cs;Poor State Design;676
aitd-roomviewer;/home/videogames/EvoAnalysis/StarterCSV/progetto1/aitd-roomviewer/Assets/Scripts/Room/RoomLoader.cs;Poor State Design;699
aitd-roomviewer;/home/videogames/EvoAnalysis/StarterCSV/progetto1/aitd-roomviewer/Assets/Scripts/Room/RoomLoader.cs;Poor State Design;722
aitd-roomviewer;/home/videogames/EvoAnalysis/StarterCSV/progetto1/aitd-roomviewer/Assets/Scripts/Room/RoomLoader.cs;Poor State Design;680
aitd-roomviewer;/home/videogames/EvoAnalysis/StarterCSV/progetto1/aitd-roomviewer/Assets/Scripts/Room/RoomLoader.cs;Poor State Design;686
aitd-roomviewer;/home/videogames/EvoAnalysis/StarterCSV/progetto1/aitd-roomviewer/Assets/Scripts/Room/RoomLoader.cs;Poor State Design;686
aitd-roomviewer;/home/videogames/EvoAnalysis/StarterCSV/progetto1/aitd-roomviewer/Assets/Scripts/Room/RoomLoader.cs;Poor State Design;711
aitd-roomviewer;/home/videogames/EvoAnalysis/StarterCSV/progetto1/aitd-roomviewer/Assets/Scripts/Room/RoomLoader.cs;Poor State Design;711
aitd-roomviewer;/home/videogames/EvoAnalysis/StarterCSV/progetto1/aitd-roomviewer/Assets/Scripts/Room/RoomLoader.cs;Poor State Design;715
aitd-roomviewer;/home/videogames/EvoAnalysis/StarterCSV/progetto1/aitd-roomviewer/Assets/Scripts/Room/RoomLoader.cs;Poor State Design;704
aitd-roomviewer;/home/videogames/EvoAnalysis/StarterCSV/progetto1/aitd-roomviewer/Assets/Scripts/Room/RoomLoader.cs;Poor State Design;870
aitd-roomviewer;/home/videogames/EvoAnalysis/StarterCSV/progetto1/aitd-roomviewer/Assets/Scripts/Room/RoomLoader.cs;Poor State Design;874
aitd-roomviewer;/home/videogames/EvoAnalysis/StarterCSV/progetto1/aitd-roomviewer/Assets/Scripts/Room/RoomLoader.cs;Poor State Design;941
aitd-roomviewer;/home/videogames/EvoAnalysis/StarterCSV/progetto1/aitd-roomviewer/Assets/Scripts/Room/RoomLoader.cs;Poor State Design;951
aitd-roomviewer;/home/videogames/EvoAnalysis/StarterCSV/progetto1/aitd-roomviewer/Assets/Scripts/Room/RoomLoader.cs;Poor State Design;960
aitd-roomviewer;/home/videogames/EvoAnalysis/StarterCSV/progetto1/aitd-roomviewer/Assets/Scripts/Room/RoomLoader.cs;Poor State Design;773
aitd-roomviewer;/home/videogames/EvoAnalysis/StarterCSV/progetto1/aitd-roomviewer/Assets/Scripts/Room/RoomLoader.cs;Poor State Design;778
aitd-roomviewer;/home/videogames/EvoAnalysis/StarterCSV/progetto1/aitd-roomviewer/Assets/Scripts/Room/RoomLoader.cs;Poor State Design;802
aitd-roomviewer;/home/videogames/EvoAnalysis/StarterCSV/progetto1/aitd-roomviewer/Assets/Scripts/Room/RoomLoader.cs;Poor State Design;781
aitd-roomviewer;/home/videogames/EvoAnalysis/StarterCSV/progetto1/aitd-roomviewer/Assets/Scripts/Room/RoomLoader.cs;Poor State Design;790
aitd-roomviewer;/home/videogames/EvoAnalysis/StarterCSV/progetto1/aitd-roomviewer/Assets/Scripts/Room/RoomLoader.cs;Poor State Design;508
aitd-roomviewer;/home/videogames/EvoAnalysis/StarterCSV/progetto1/aitd-roomviewer/Assets/Scripts/Room/RoomLoader.cs;Poor State Design;564
aitd-roomviewer;/home/videogames/EvoAnalysis/StarterCSV/progetto1/aitd-roomviewer/Assets/Scripts/Room/RoomLoader.cs;Poor State Design;570
aitd-roomviewer;/home/videogames/EvoAnalysis/StarterCSV/progetto1/aitd-roomviewer/Assets/Scripts/Room/RoomLoader.cs;Poor State Design;570
aitd-roomviewer;/home/videogames/EvoAnalysis/StarterCSV/progetto1/aitd-roomviewer/Assets/Scripts/Room/RoomLoader.cs;Poor State Design;584
aitd-roomviewer;/home/videogames/EvoAnalysis/StarterCSV/progetto1/aitd-roomviewer/Assets/Scripts/Room/RoomLoader.cs;Poor State Design;601
aitd-roomviewer;/home/videogames/EvoAnalysis/StarterCSV/progetto1/aitd-roomviewer/Assets/Scripts/Room/RoomLoader.cs;Poor State Design;601
aitd-roomviewer;/home/videogames/EvoAnalysis/StarterCSV/progetto1/aitd-roomviewer/Assets/Scripts/Room/RoomLoader.cs;Poor State Design;521
aitd-roomviewer;/home/videogames/EvoAnalysis/StarterCSV/progetto1/aitd-roomviewer/Assets/Scripts/Room/RoomLoader.cs;Poor State Design;529
aitd-roomviewer;/home/videogames/EvoAnalysis/StarterCSV/progetto1/aitd-roomviewer/Assets/Scripts/Room/RoomLoader.cs;Poor State Design;541
aitd-roomviewer;/home/videogames/EvoAnalysis/StarterCSV/progetto1/aitd-roomviewer/Assets/Scripts/Room/RoomLoader.cs;Poor State Design;553
aitd-roomviewer;/home/videogames/EvoAnalysis/StarterCSV/progetto1/aitd-roomviewer/Assets/Scripts/Room/RoomLoader.cs;Poor State Design;553
aitd-roomviewer;/home/videogames/EvoAnalysis/StarterCSV/progetto1/aitd-roomviewer/Assets/Scripts/Room/RoomLoader.cs;Poor State Design;553
aitd-roomviewer;/home/videogames/EvoAnalysis/StarterCSV/progetto1/aitd-roomviewer/Assets/Scripts/Room/RoomLoader.cs;Poor State Design;548
aitd-roomviewer;/home/videogames/EvoAnalysis/StarterCSV/progetto1/aitd-roomviewer/Assets/Scripts/Model/ModelLoader.cs;Poor State Design;1143
aitd-roomviewer;/home/videogames/EvoAnalysis/StarterCSV/progetto1/aitd-roomviewer/Assets/Scripts/Model/ModelLoader.cs;Poor State Design;1157
aitd-roomviewer;/home/videogames/EvoAnalysis/StarterCSV/progetto1/aitd-roomviewer/Assets/Scripts/Model/ModelLoader.cs;Poor State Design;1171
aitd-roomviewer;/home/videogames/EvoAnalysis/StarterCSV/progetto1/aitd-roomviewer/Assets/Scripts/Model/ModelLoader.cs;Poor State Design;1175
aitd-roomviewer;/home/videogames/EvoAnalysis/StarterCSV/progetto1/aitd-roomviewer/Assets/Scripts/Model/ModelLoader.cs;Poor State Design;1204
aitd-roomviewer;/home/videogames/EvoAnalysis/StarterCSV/progetto1/aitd-roomviewer/Assets/Scripts/Model/ModelLoader.cs;Poor State Design;272
aitd-roomviewer;/home/videogames/EvoAnalysis/StarterCSV/progetto1/aitd-roomviewer/Assets/Scripts/Model/ModelLoader.cs;Poor State Design;342
aitd-roomviewer;/home/videogames/EvoAnalysis/StarterCSV/progetto1/aitd-roomviewer/Assets/Scripts/Model/ModelLoader.cs;Poor State Design;120
aitd-roomviewer;/home/videogames/EvoAnalysis/StarterCSV/progetto1/aitd-roomviewer/Assets/Scripts/Model/ModelLoader.cs;Poor State Design;418
aitd-roomviewer;/home/videogames/EvoAnalysis/StarterCSV/progetto1/aitd-roomviewer/Assets/Scripts/Model/ModelLoader.cs;Poor State Design;161
aitd-roomviewer;/home/videogames/EvoAnalysis/StarterCSV/progetto1/aitd-roomviewer/Assets/Scripts/Model/ModelLoader.cs;Poor State Design;622
aitd-roomviewer;/home/videogames/EvoAnalysis/StarterCSV/progetto1/aitd-roomviewer/Assets/Scripts/Model/ModelLoader.cs;Poor State Design;589
aitd-roomviewer;/home/videogames/EvoAnalysis/StarterCSV/progetto1/aitd-roomviewer/Assets/Scripts/Model/ModelLoader.cs;Poor State Design;895
aitd-roomviewer;/home/videogames/EvoAnalysis/StarterCSV/progetto1/aitd-roomviewer/Assets/Scripts/Model/ModelLoader.cs;Poor State Design;897
aitd-roomviewer;/home/videogames/EvoAnalysis/StarterCSV/progetto1/aitd-roomviewer/Assets/Scripts/Model/ModelLoader.cs;Poor State Design;757
aitd-roomviewer;/home/videogames/EvoAnalysis/StarterCSV/progetto1/aitd-roomviewer/Assets/Scripts/Model/ModelLoader.cs;Poor State Design;817
aitd-roomviewer;/home/videogames/EvoAnalysis/StarterCSV/progetto1/aitd-roomviewer/Assets/Scripts/Model/ModelLoader.cs;Poor State Design;829
aitd-roomviewer;/home/videogames/EvoAnalysis/StarterCSV/progetto1/aitd-roomviewer/Assets/Scripts/Model/ModelLoader.cs;Poor State Design;829
aitd-roomviewer;/home/videogames/EvoAnalysis/StarterCSV/progetto1/aitd-roomviewer/Assets/Scripts/Model/ModelLoader.cs;Poor State Design;835
aitd-roomviewer;/home/videogames/EvoAnalysis/StarterCSV/progetto1/aitd-roomviewer/Assets/Scripts/Model/ModelLoader.cs;Poor State Design;835
aitd-roomviewer;/home/videogames/EvoAnalysis/StarterCSV/progetto1/aitd-roomviewer/Assets/Scripts/Model/ModelLoader.cs;Poor State Design;842
aitd-roomviewer;/home/videogames/EvoAnalysis/StarterCSV/progetto1/aitd-roomviewer/Assets/Scripts/Model/ModelLoader.cs;Poor State Design;842
aitd-roomviewer;/home/videogames/EvoAnalysis/StarterCSV/progetto1/aitd-roomviewer/Assets/Scripts/Model/ModelLoader.cs;Poor State Design;849
aitd-roomviewer;/home/videogames/EvoAnalysis/StarterCSV/progetto1/aitd-roomviewer/Assets/Scripts/Model/ModelLoader.cs;Poor State Design;849
aitd-roomviewer;/home/videogames/EvoAnalysis/StarterCSV/progetto1/aitd-roomviewer/Assets/Scripts/Model/ModelLoader.cs;Poor State Design;849
aitd-roomviewer;/home/videogames/EvoAnalysis/StarterCSV/progetto1/aitd-roomviewer/Assets/Scripts/Model/ModelLoader.cs;Poor State Design;867
aitd-roomviewer;/home/videogames/EvoAnalysis/StarterCSV/progetto1/aitd-roomviewer/Assets/Scripts/Model/ModelLoader.cs;Poor State Design;739
aitd-roomviewer;/home/videogames/EvoAnalysis/StarterCSV/progetto1/aitd-roomviewer/Assets/Scripts/Model/ModelLoader.cs;Poor State Design;787
aitd-roomviewer;/home/videogames/EvoAnalysis/StarterCSV/progetto1/aitd-roomviewer/Assets/Scripts/Model/ModelLoader.cs;Poor State Design;803
aitd-roomviewer;/home/videogames/EvoAnalysis/StarterCSV/progetto1/aitd-roomviewer/Assets/Scripts/Model/ModelLoader.cs;Poor State Design;806
aitd-roomviewer;/home/videogames/EvoAnalysis/StarterCSV/progetto1/aitd-roomviewer/Assets/Scripts/Model/ModelLoader.cs;Poor State Design;809
