{
  "Name": "Anystate Smells",
  "Occurrency": 87,
  "Smells": [
    {
      "FilePath": "D:\\DatasetTesi\\DataSet\\antura\\Assets\\_games\\Balloons\\Animations\\LetterPrompt.controller",
      "Name": "LetterPrompt"
    },
    {
      "FilePath": "D:\\DatasetTesi\\DataSet\\antura\\Assets\\_games\\MakeFriends\\Animations\\LetterPicker.controller",
      "Name": "LetterPicker"
    },
    {
      "FilePath": "D:\\DatasetTesi\\DataSet\\antura\\Assets\\_games\\SickLetters\\SickLettersLLAnimationController.controller",
      "Name": "SickLettersLLAnimationController"
    },
    {
      "FilePath": "D:\\DatasetTesi\\DataSet\\antura\\Assets\\_games\\Balloons\\Animations\\Balloon.controller",
      "Name": "Balloon"
    },
    {
      "FilePath": "D:\\DatasetTesi\\DataSet\\antura\\Assets\\_games\\Balloons\\Animations\\WordFlexibleContainer.controller",
      "Name": "WordFlexibleContainer"
    },
    {
      "FilePath": "D:\\DatasetTesi\\DataSet\\antura\\Assets\\_games\\MakeFriends\\Animations\\Balloon.controller",
      "Name": "Balloon"
    },
    {
      "FilePath": "D:\\DatasetTesi\\DataSet\\antura\\Assets\\_games\\Scanner\\Animations\\TrapDoorAnimator.controller",
      "Name": "TrapDoorAnimator"
    },
    {
      "FilePath": "D:\\DatasetTesi\\DataSet\\antura\\Assets\\_core\\Models\\AnturaDog\\AnturaAnimationController.controller",
      "Name": "AnturaAnimationController"
    },
    {
      "FilePath": "D:\\DatasetTesi\\DataSet\\antura\\Assets\\_games\\MakeFriends\\Animations\\LetterChoice.controller",
      "Name": "LetterChoice"
    },
    {
      "FilePath": "D:\\DatasetTesi\\DataSet\\antura\\Assets\\_core\\Models\\LivingLetter\\LLAnimationController.controller",
      "Name": "LLAnimationController"
    },
    {
      "FilePath": "D:\\DatasetTesi\\DataSet\\antura\\Assets\\_games\\MakeFriends\\Animations\\LivingLetter_MakeFriends.controller",
      "Name": "LivingLetter_MakeFriends"
    },
    {
      "FilePath": "D:\\DatasetTesi\\DataSet\\antura\\Assets\\_core\\Models\\LivingLetter\\LLAnimationControllerMoreDancing.controller",
      "Name": "LLAnimationControllerMoreDancing"
    },
    {
      "FilePath": "D:\\DatasetTesi\\DataSet\\antura\\Assets\\_games\\MakeFriends\\Animations\\DropZone.controller",
      "Name": "DropZone"
    },
    {
      "FilePath": "D:\\DatasetTesi\\DataSet\\antura\\Assets\\_core\\Models\\LivingLetter\\LLAnimationControllerSimple.controller",
      "Name": "LLAnimationControllerSimple"
    },
    {
      "FilePath": "D:\\DatasetTesi\\DataSet\\antura\\Assets\\_core\\Animations\\UI\\MoodButton.controller",
      "Name": "MoodButton"
    },
    {
      "FilePath": "D:\\DatasetTesi\\DataSet\\anyrpgcore\\Assets\\AnyRPG\\Core\\System\\Animation\\Controllers\\AnyRPGCharacterAnimationController.controller",
      "Name": "AnyRPGCharacterAnimationController"
    },
    {
      "FilePath": "D:\\DatasetTesi\\DataSet\\battleofmages\\Assets\\Animations\\Controllers\\Player.controller",
      "Name": "Player"
    },
    {
      "FilePath": "D:\\DatasetTesi\\DataSet\\card-game-simulator\\Assets\\Mirror\\Examples\\Tanks\\Models\\(Public Domain) Recon_Tank\\Controller.controller",
      "Name": "Controller"
    },
    {
      "FilePath": "D:\\DatasetTesi\\DataSet\\com.unity.multiplayer.samples.coop\\Assets\\Models\\Animation Controllers\\CharacterSetController.controller",
      "Name": "CharacterSetController"
    },
    {
      "FilePath": "D:\\DatasetTesi\\DataSet\\com.unity.multiplayer.samples.coop\\Assets\\Animations\\UI\\AnimController_UI_Message.controller",
      "Name": "AnimController_UI_Message"
    },
    {
      "FilePath": "D:\\DatasetTesi\\DataSet\\cytoid\\Assets\\Packages\\Coffee\\UIExtensions\\MirrorReflectionEffectForUGUI\\Demo\\MirrorReflectionEffectForUGUI_Demo_Button.controller",
      "Name": "MirrorReflectionEffectForUGUI_Demo_Button"
    },
    {
      "FilePath": "D:\\DatasetTesi\\DataSet\\darkest-dungeon-unity\\Assets\\Animations\\Raid\\Announcement\\AnnouncementController.controller",
      "Name": "AnnouncementController"
    },
    {
      "FilePath": "D:\\DatasetTesi\\DataSet\\darkest-dungeon-unity\\Assets\\Photon Unity Networking\\Demos\\Shared Assets\\Animations\\RPGController.controller",
      "Name": "RPGController"
    },
    {
      "FilePath": "D:\\DatasetTesi\\DataSet\\darkest-dungeon-unity\\Assets\\Animations\\Raid\\UnitSelector\\UnitSelectionController.controller",
      "Name": "UnitSelectionController"
    },
    {
      "FilePath": "D:\\DatasetTesi\\DataSet\\darkest-dungeon-unity\\Assets\\Animations\\Controls\\UpgradeButton\\UpgradeController.controller",
      "Name": "UpgradeController"
    },
    {
      "FilePath": "D:\\DatasetTesi\\DataSet\\darkest-dungeon-unity\\Assets\\Animations\\Controls\\PartySlot\\PartySlotController.controller",
      "Name": "PartySlotController"
    },
    {
      "FilePath": "D:\\DatasetTesi\\DataSet\\darkest-dungeon-unity\\Assets\\Animations\\Controls\\TownSlot\\TownSlotController.controller",
      "Name": "TownSlotController"
    },
    {
      "FilePath": "D:\\DatasetTesi\\DataSet\\darkest-dungeon-unity\\Assets\\Animations\\Raid\\Heroes\\Default\\HeroController.controller",
      "Name": "HeroController"
    },
    {
      "FilePath": "D:\\DatasetTesi\\DataSet\\darkest-dungeon-unity\\Assets\\Animations\\Estate\\Fader\\EstateFade.controller",
      "Name": "EstateFade"
    },
    {
      "FilePath": "D:\\DatasetTesi\\DataSet\\darkest-dungeon-unity\\Assets\\Photon Unity Networking\\Demos\\Demo2DJumpAndRunWithPhysics\\Animations\\RobotKyle2D.controller",
      "Name": "RobotKyle2D"
    },
    {
      "FilePath": "D:\\DatasetTesi\\DataSet\\darkest-dungeon-unity\\Assets\\Animations\\Controls\\HeroSlot\\HeroSlotController.controller",
      "Name": "HeroSlotController"
    },
    {
      "FilePath": "D:\\DatasetTesi\\DataSet\\egameplay\\Assets\\ExplosiveLLC\\RPG Character Animation Pack FREE\\Animation Controller\\RPG-Character-Animation-ControllerFREE.controller",
      "Name": "RPG-Character-Animation-ControllerFREE"
    },
    {
      "FilePath": "D:\\DatasetTesi\\DataSet\\fancyscrollview\\Assets\\FancyScrollView\\Examples\\Sources\\04_Metaball\\CellScroll.controller",
      "Name": "CellScroll"
    },
    {
      "FilePath": "D:\\DatasetTesi\\DataSet\\fancyscrollview\\Assets\\FancyScrollView\\Examples\\Sources\\06_LoopTabBar\\Tab.controller",
      "Name": "Tab"
    },
    {
      "FilePath": "D:\\DatasetTesi\\DataSet\\fancyscrollview\\Assets\\FancyScrollView\\Examples\\Sources\\01_Basic\\CellScroll.controller",
      "Name": "CellScroll"
    },
    {
      "FilePath": "D:\\DatasetTesi\\DataSet\\fancyscrollview\\Assets\\FancyScrollView\\Examples\\Sources\\02_FocusOn\\CellScroll.controller",
      "Name": "CellScroll"
    },
    {
      "FilePath": "D:\\DatasetTesi\\DataSet\\fancyscrollview\\Assets\\FancyScrollView\\Examples\\Sources\\03_InfiniteScroll\\CellScroll.controller",
      "Name": "CellScroll"
    },
    {
      "FilePath": "D:\\DatasetTesi\\DataSet\\fancyscrollview\\Assets\\FancyScrollView\\Examples\\Sources\\05_Voronoi\\CellScroll.controller",
      "Name": "CellScroll"
    },
    {
      "FilePath": "D:\\DatasetTesi\\DataSet\\fancyscrollview\\Assets\\FancyScrollView\\Examples\\Sources\\Common\\CellSelect.controller",
      "Name": "CellSelect"
    },
    {
      "FilePath": "D:\\DatasetTesi\\DataSet\\fanren\\Assets\\BuildSource\\AnimationControllers\\鳄鱼_controller.controller",
      "Name": "鳄鱼_controller"
    },
    {
      "FilePath": "D:\\DatasetTesi\\DataSet\\fanren\\Assets\\BuildSource\\AnimationControllers\\备份\\星宿弟子Controller.controller",
      "Name": "星宿弟子Controller"
    },
    {
      "FilePath": "D:\\DatasetTesi\\DataSet\\fanren\\Assets\\BuildSource\\AnimationControllers\\备份\\苗人凤受伤Controller.controller",
      "Name": "苗人凤受伤Controller"
    },
    {
      "FilePath": "D:\\DatasetTesi\\DataSet\\fanren\\Assets\\BuildSource\\AnimationControllers\\备份\\金花婆婆Controller.controller",
      "Name": "金花婆婆Controller"
    },
    {
      "FilePath": "D:\\DatasetTesi\\DataSet\\fanren\\Assets\\BuildSource\\AnimationControllers\\备份\\玄慈Controller.controller",
      "Name": "玄慈Controller"
    },
    {
      "FilePath": "D:\\DatasetTesi\\DataSet\\fanren\\Assets\\BuildSource\\AnimationControllers\\备份\\洪七公Controller.controller",
      "Name": "洪七公Controller"
    },
    {
      "FilePath": "D:\\DatasetTesi\\DataSet\\fanren\\Assets\\BuildSource\\AnimationControllers\\备份\\喽啰Controller.controller",
      "Name": "喽啰Controller"
    },
    {
      "FilePath": "D:\\DatasetTesi\\DataSet\\fanren\\Assets\\BuildSource\\AnimationControllers\\备份\\明教弟子Controller.controller",
      "Name": "明教弟子Controller"
    },
    {
      "FilePath": "D:\\DatasetTesi\\DataSet\\fanren\\Assets\\BuildSource\\AnimationControllers\\备份\\唐文亮Controller.controller",
      "Name": "唐文亮Controller"
    },
    {
      "FilePath": "D:\\DatasetTesi\\DataSet\\fanren\\Assets\\BuildSource\\AnimationControllers\\备份\\苗人凤Controller.controller",
      "Name": "苗人凤Controller"
    },
    {
      "FilePath": "D:\\DatasetTesi\\DataSet\\fanren\\Assets\\BuildSource\\AnimationControllers\\备份\\神龙弟子Controller.controller",
      "Name": "神龙弟子Controller"
    },
    {
      "FilePath": "D:\\DatasetTesi\\DataSet\\fanren\\Assets\\BuildSource\\AnimationControllers\\备份\\袁承志Controller.controller",
      "Name": "袁承志Controller"
    },
    {
      "FilePath": "D:\\DatasetTesi\\DataSet\\fanren\\Assets\\BuildSource\\AnimationControllers\\备份\\岳老三Controller.controller",
      "Name": "岳老三Controller"
    },
    {
      "FilePath": "D:\\DatasetTesi\\DataSet\\fanren\\Assets\\BuildSource\\AnimationControllers\\备份\\小龙女Controller.controller",
      "Name": "小龙女Controller"
    },
    {
      "FilePath": "D:\\DatasetTesi\\DataSet\\fanren\\Assets\\BuildSource\\AnimationControllers\\备份\\谢逊Controller.controller",
      "Name": "谢逊Controller"
    },
    {
      "FilePath": "D:\\DatasetTesi\\DataSet\\fanren\\Assets\\BuildSource\\AnimationControllers\\蛇_controller.controller",
      "Name": "蛇_controller"
    },
    {
      "FilePath": "D:\\DatasetTesi\\DataSet\\fanren\\Assets\\BuildSource\\AnimationControllers\\备份\\僧人Controller.controller",
      "Name": "僧人Controller"
    },
    {
      "FilePath": "D:\\DatasetTesi\\DataSet\\fanren\\Assets\\BuildSource\\AnimationControllers\\备份\\苗人凤捂眼Controller.controller",
      "Name": "苗人凤捂眼Controller"
    },
    {
      "FilePath": "D:\\DatasetTesi\\DataSet1\\gold-player\\Assets\\Hertzole\\Gold Player\\WebGL Example\\Gold Player Tests\\Weapon Animations\\Shotgun.controller",
      "Name": "Shotgun"
    },
    {
      "FilePath": "D:\\DatasetTesi\\DataSet1\\mapboxargame\\Assets\\Dropdown.controller",
      "Name": "Dropdown"
    },
    {
      "FilePath": "D:\\DatasetTesi\\DataSet1\\mirage\\Assets\\Mirage\\Samples~\\InterestManagement\\Models\\Controller.controller",
      "Name": "Controller"
    },
    {
      "FilePath": "D:\\DatasetTesi\\DataSet1\\mirage\\Assets\\Mirage\\Samples~\\Tanks\\Models\\(Public Domain) Recon_Tank\\Controller.controller",
      "Name": "Controller"
    },
    {
      "FilePath": "D:\\DatasetTesi\\DataSet1\\mirror\\Assets\\Mirror\\Examples\\Tanks\\Models\\(Public Domain) Recon_Tank\\Controller.controller",
      "Name": "Controller"
    },
    {
      "FilePath": "D:\\DatasetTesi\\DataSet1\\nova\\Assets\\Nova\\UI\\Animations\\CloseLogButton.controller",
      "Name": "CloseLogButton"
    },
    {
      "FilePath": "D:\\DatasetTesi\\DataSet1\\nova\\Assets\\Nova\\UI\\Animations\\CloseDialogueButton.controller",
      "Name": "CloseDialogueButton"
    },
    {
      "FilePath": "D:\\DatasetTesi\\DataSet1\\nsmb-mariovsluigi\\Assets\\Animations\\Enemy\\PirahnaPlant\\PiranhaPlant.controller",
      "Name": "PiranhaPlant"
    },
    {
      "FilePath": "D:\\DatasetTesi\\DataSet1\\nsmb-mariovsluigi\\Assets\\Animations\\Player\\LargeMario.controller",
      "Name": "LargeMario"
    },
    {
      "FilePath": "D:\\DatasetTesi\\DataSet1\\nsmb-mariovsluigi\\Assets\\Animations\\Menu\\Sprite Mask.controller",
      "Name": "Sprite Mask"
    },
    {
      "FilePath": "D:\\DatasetTesi\\DataSet1\\project-404\\Assets\\P1\\Models\\Players\\Olimar\\P1\\anim_controller_Olimar.controller",
      "Name": "anim_controller_Olimar"
    },
    {
      "FilePath": "D:\\DatasetTesi\\DataSet1\\ss3d\\Assets\\Content\\Entities\\Silicon\\Engineer Borg\\Engi Borg.controller",
      "Name": "Engi Borg"
    },
    {
      "FilePath": "D:\\DatasetTesi\\DataSet1\\ss3d\\Assets\\Content\\Entities\\Human\\HumanCharacterAnimator.controller",
      "Name": "HumanCharacterAnimator"
    },
    {
      "FilePath": "D:\\DatasetTesi\\DataSet1\\warkingdoms\\Assets\\Animations\\Units\\demon_controller.controller",
      "Name": "demon_controller"
    },
    {
      "FilePath": "D:\\DatasetTesi\\DataSet1\\warkingdoms\\Assets\\Animations\\Units\\orc_infantry_controller.controller",
      "Name": "orc_infantry_controller"
    },
    {
      "FilePath": "D:\\DatasetTesi\\DataSet1\\warkingdoms\\Assets\\3rdParty\\Free\\fantasySpider\\spider_controller.controller",
      "Name": "spider_controller"
    },
    {
      "FilePath": "D:\\DatasetTesi\\DataSet1\\warkingdoms\\Assets\\Animations\\Units\\orc_catapult_controller.controller",
      "Name": "orc_catapult_controller"
    },
    {
      "FilePath": "D:\\DatasetTesi\\DataSet1\\warkingdoms\\Assets\\Animations\\Units\\human_archer_controller.controller",
      "Name": "human_archer_controller"
    },
    {
      "FilePath": "D:\\DatasetTesi\\DataSet1\\warkingdoms\\Assets\\Animations\\Units\\orc_archer_controller.controller",
      "Name": "orc_archer_controller"
    },
    {
      "FilePath": "D:\\DatasetTesi\\DataSet1\\warkingdoms\\Assets\\Animations\\Units\\orc_wolfrider_controller.controller",
      "Name": "orc_wolfrider_controller"
    },
    {
      "FilePath": "D:\\DatasetTesi\\DataSet1\\warkingdoms\\Assets\\Animations\\UnitAnim.controller",
      "Name": "UnitAnim"
    },
    {
      "FilePath": "D:\\DatasetTesi\\DataSet1\\warkingdoms\\Assets\\Animations\\Units\\human_mage_controller.controller",
      "Name": "human_mage_controller"
    },
    {
      "FilePath": "D:\\DatasetTesi\\DataSet1\\warkingdoms\\Assets\\Animations\\Units\\human_worker_controller.controller",
      "Name": "human_worker_controller"
    },
    {
      "FilePath": "D:\\DatasetTesi\\DataSet1\\warkingdoms\\Assets\\3rdParty\\Bought\\Spider\\spider_controller.controller",
      "Name": "spider_controller"
    },
    {
      "FilePath": "D:\\DatasetTesi\\DataSet1\\warkingdoms\\Assets\\Animations\\Units\\woodElf_boltthrower_controller.controller",
      "Name": "woodElf_boltthrower_controller"
    },
    {
      "FilePath": "D:\\DatasetTesi\\DataSet1\\warkingdoms\\Assets\\Animations\\Units\\human_cavalry_controller.controller",
      "Name": "human_cavalry_controller"
    },
    {
      "FilePath": "D:\\DatasetTesi\\DataSet1\\warkingdoms\\Assets\\Animations\\Units\\orc_worker_controller.controller",
      "Name": "orc_worker_controller"
    },
    {
      "FilePath": "D:\\DatasetTesi\\DataSet1\\warkingdoms\\Assets\\Animations\\Units\\orc_shaman_controller.controller",
      "Name": "orc_shaman_controller"
    },
    {
      "FilePath": "D:\\DatasetTesi\\DataSet1\\warkingdoms\\Assets\\Animations\\Units\\human_catapult_controller.controller",
      "Name": "human_catapult_controller"
    },
    {
      "FilePath": "D:\\DatasetTesi\\DataSet1\\warkingdoms\\Assets\\Animations\\Units\\human_infantry_controller.controller",
      "Name": "human_infantry_controller"
    }
  ],
  "FILENAME": "Anystate_Smells.json"
}