{
  "Name": "Heavy Physics Computation ",
  "Occurrency": 56,
  "Smells": [
    {
      "FilePath": "D:\\DatasetTesi\\DataSet\\antura\\Assets\\Resources\\Prefabs\\AnturaSpace\\Interactables\\ThrowableBoneBiscuit.prefab",
      "Name": "ThrowableBoneBiscuit"
    },
    {
      "FilePath": "D:\\DatasetTesi\\DataSet\\antura\\Assets\\_core\\_scenes\\app_Rewards.unity",
      "Name": "app_Rewards"
    },
    {
      "FilePath": "D:\\DatasetTesi\\DataSet\\anyrpgcore\\Assets\\AnyRPG\\Core\\System\\Prefabs\\Character\\Unit\\DefaultUMACharacterUnit.prefab",
      "Name": "DefaultUMACharacterUnit"
    },
    {
      "FilePath": "D:\\DatasetTesi\\DataSet\\anyrpgcore\\Assets\\AnyRPG\\Core\\System\\Prefabs\\Character\\Unit\\DefaultCharacterUnit.prefab",
      "Name": "DefaultCharacterUnit"
    },
    {
      "FilePath": "D:\\DatasetTesi\\DataSet\\battleofmages\\Assets\\Skills\\Meteor Shower Projectile.prefab",
      "Name": "Meteor Shower Projectile"
    },
    {
      "FilePath": "D:\\DatasetTesi\\DataSet\\battleofmages\\Assets\\Skills\\Fire Ball.prefab",
      "Name": "Fire Ball"
    },
    {
      "FilePath": "D:\\DatasetTesi\\DataSet\\battleofmages\\Assets\\Skills\\Ice Ball.prefab",
      "Name": "Ice Ball"
    },
    {
      "FilePath": "D:\\DatasetTesi\\DataSet\\card-game-simulator\\Assets\\Mirror\\Examples\\Tanks\\Prefabs\\Projectile.prefab",
      "Name": "Projectile"
    },
    {
      "FilePath": "D:\\DatasetTesi\\DataSet\\cosmosframework\\Assets\\Examples\\ExampleScripts\\23_Entity\\EntityPrefabs\\EntityEnemy.prefab",
      "Name": "EntityEnemy"
    },
    {
      "FilePath": "D:\\DatasetTesi\\DataSet\\cosmosframework\\Assets\\Examples\\AssetBundleTest\\Prefab\\ObjectPoolResPrefab\\ResPrefab_Sphere.prefab",
      "Name": "ResPrefab_Sphere"
    },
    {
      "FilePath": "D:\\DatasetTesi\\DataSet\\cosmosframework\\Assets\\Examples\\AssetBundleTest\\Prefab\\ObjectPoolResPrefab\\ResPrefab_Cube.prefab",
      "Name": "ResPrefab_Cube"
    },
    {
      "FilePath": "D:\\DatasetTesi\\DataSet\\cosmosframework\\Assets\\Examples\\ExampleScripts\\21_Network\\YBot\\YBot_LM_Local.prefab",
      "Name": "YBot_LM_Local"
    },
    {
      "FilePath": "D:\\DatasetTesi\\DataSet\\cosmosframework\\Assets\\Examples\\ExampleScripts\\21_Network\\YBot\\YBot_LM_Remote.prefab",
      "Name": "YBot_LM_Remote"
    },
    {
      "FilePath": "D:\\DatasetTesi\\DataSet\\cosmosframework\\Assets\\Examples\\ExampleScripts\\23_Entity\\EntityPrefabs\\EntityPlayer.prefab",
      "Name": "EntityPlayer"
    },
    {
      "FilePath": "D:\\DatasetTesi\\DataSet\\cosmosframework\\Assets\\Examples\\AssetBundleTest\\Prefab\\ObjectPoolResPrefab\\ResPrefab_Capsule.prefab",
      "Name": "ResPrefab_Capsule"
    },
    {
      "FilePath": "D:\\DatasetTesi\\DataSet\\cosmosframework\\Assets\\Examples\\ExampleScripts\\17_PlayerController\\YBot_LM_Player.prefab",
      "Name": "YBot_LM_Player"
    },
    {
      "FilePath": "D:\\DatasetTesi\\DataSet\\cuboidaldrift\\Assets\\Prefabs\\Player.prefab",
      "Name": "Player"
    },
    {
      "FilePath": "D:\\DatasetTesi\\DataSet\\cuboidaldrift\\Assets\\Scenes\\Levels\\PreviewScene.unity",
      "Name": "PreviewScene"
    },
    {
      "FilePath": "D:\\DatasetTesi\\DataSet1\\gold-player\\Assets\\Hertzole\\Gold Player\\WebGL Example\\Gold Player Tests\\Prefabs\\Rigidbody Shell.prefab",
      "Name": "Rigidbody Shell"
    },
    {
      "FilePath": "D:\\DatasetTesi\\DataSet1\\mapboxargame\\Assets\\UnityARInterface\\Prefabs\\PhysicsBall.prefab",
      "Name": "PhysicsBall"
    },
    {
      "FilePath": "D:\\DatasetTesi\\DataSet1\\mapboxargame\\Assets\\UnityARInterface\\Examples\\Common\\Prefabs\\BallPrefab.prefab",
      "Name": "BallPrefab"
    },
    {
      "FilePath": "D:\\DatasetTesi\\DataSet1\\mapboxargame\\Assets\\UnityARKitPlugin\\Examples\\Common\\Prefabs\\BallPrefab.prefab",
      "Name": "BallPrefab"
    },
    {
      "FilePath": "D:\\DatasetTesi\\DataSet1\\mirage\\Assets\\Mirage\\Samples~\\Tanks\\Prefabs\\Projectile.prefab",
      "Name": "Projectile"
    },
    {
      "FilePath": "D:\\DatasetTesi\\DataSet1\\mirror\\Assets\\Mirror\\Examples\\Tanks\\Prefabs\\Projectile.prefab",
      "Name": "Projectile"
    },
    {
      "FilePath": "D:\\DatasetTesi\\DataSet1\\project-404\\Assets\\Resources\\Prefabs\\Objects\\Enemies\\pref_Bulborb.prefab",
      "Name": "pref_Bulborb"
    },
    {
      "FilePath": "D:\\DatasetTesi\\DataSet1\\voxelfield\\Assets\\Resources\\Entities\\Grenade Throwable Modifier.prefab",
      "Name": "Grenade Throwable Modifier"
    },
    {
      "FilePath": "D:\\DatasetTesi\\DataSet1\\voxelfield\\Assets\\Resources\\Entities\\Missile Modifier.prefab",
      "Name": "Missile Modifier"
    },
    {
      "FilePath": "D:\\DatasetTesi\\DataSet1\\voxelfield\\Assets\\Resources\\Entities\\Sand Bomb Throwable Modifier.prefab",
      "Name": "Sand Bomb Throwable Modifier"
    },
    {
      "FilePath": "D:\\DatasetTesi\\DataSet1\\voxelfield\\Assets\\Resources\\Entities\\Item Entity Modifier.prefab",
      "Name": "Item Entity Modifier"
    },
    {
      "FilePath": "D:\\DatasetTesi\\DataSet1\\voxelfield\\Assets\\Resources\\Entities\\Flashbang Throwable Modifier.prefab",
      "Name": "Flashbang Throwable Modifier"
    },
    {
      "FilePath": "D:\\DatasetTesi\\DataSet1\\warkingdoms\\Assets\\3rdParty\\Bought\\Hovl Studio\\Toon projectiles\\Prefabs\\Projectile 1.prefab",
      "Name": "Projectile 1"
    },
    {
      "FilePath": "D:\\DatasetTesi\\DataSet1\\warkingdoms\\Assets\\3rdParty\\Bought\\Hovl Studio\\Toon Projectiles 2\\Prefabs\\Projectile 11.prefab",
      "Name": "Projectile 11"
    },
    {
      "FilePath": "D:\\DatasetTesi\\DataSet1\\warkingdoms\\Assets\\3rdParty\\Bought\\Hovl Studio\\Toon projectiles\\Prefabs\\Projectile 6.prefab",
      "Name": "Projectile 6"
    },
    {
      "FilePath": "D:\\DatasetTesi\\DataSet1\\warkingdoms\\Assets\\3rdParty\\Bought\\Hovl Studio\\Toon Projectiles 2\\Prefabs\\Projectile 9.prefab",
      "Name": "Projectile 9"
    },
    {
      "FilePath": "D:\\DatasetTesi\\DataSet1\\warkingdoms\\Assets\\3rdParty\\Bought\\Hovl Studio\\Toon projectiles\\Prefabs\\Projectile 4.prefab",
      "Name": "Projectile 4"
    },
    {
      "FilePath": "D:\\DatasetTesi\\DataSet1\\warkingdoms\\Assets\\3rdParty\\Bought\\Hovl Studio\\Toon Projectiles 2\\Prefabs\\Projectile 14.prefab",
      "Name": "Projectile 14"
    },
    {
      "FilePath": "D:\\DatasetTesi\\DataSet1\\warkingdoms\\Assets\\3rdParty\\Bought\\Hovl Studio\\Toon Projectiles 2\\Prefabs\\Projectile 10.prefab",
      "Name": "Projectile 10"
    },
    {
      "FilePath": "D:\\DatasetTesi\\DataSet1\\warkingdoms\\Assets\\3rdParty\\Bought\\Hovl Studio\\Toon Projectiles 2\\Prefabs\\Projectile 7.prefab",
      "Name": "Projectile 7"
    },
    {
      "FilePath": "D:\\DatasetTesi\\DataSet1\\warkingdoms\\Assets\\3rdParty\\Bought\\Hovl Studio\\Toon Projectiles 2\\Prefabs\\Projectile 3.prefab",
      "Name": "Projectile 3"
    },
    {
      "FilePath": "D:\\DatasetTesi\\DataSet1\\warkingdoms\\Assets\\3rdParty\\Bought\\Hovl Studio\\Toon projectiles\\Prefabs\\Projectile 5.prefab",
      "Name": "Projectile 5"
    },
    {
      "FilePath": "D:\\DatasetTesi\\DataSet1\\warkingdoms\\Assets\\3rdParty\\Bought\\Hovl Studio\\Toon Projectiles 2\\Prefabs\\Projectile 12.prefab",
      "Name": "Projectile 12"
    },
    {
      "FilePath": "D:\\DatasetTesi\\DataSet1\\warkingdoms\\Assets\\3rdParty\\Bought\\Hovl Studio\\Toon projectiles\\Prefabs\\Projectile 8.prefab",
      "Name": "Projectile 8"
    },
    {
      "FilePath": "D:\\DatasetTesi\\DataSet1\\warkingdoms\\Assets\\3rdParty\\Bought\\Hovl Studio\\Toon projectiles\\Prefabs\\Projectile 2.prefab",
      "Name": "Projectile 2"
    },
    {
      "FilePath": "D:\\DatasetTesi\\DataSet1\\warkingdoms\\Assets\\3rdParty\\Bought\\Hovl Studio\\Toon projectiles\\Prefabs\\Projectile 9.prefab",
      "Name": "Projectile 9"
    },
    {
      "FilePath": "D:\\DatasetTesi\\DataSet1\\warkingdoms\\Assets\\3rdParty\\Bought\\Hovl Studio\\Toon Projectiles 2\\Prefabs\\Projectile 6.prefab",
      "Name": "Projectile 6"
    },
    {
      "FilePath": "D:\\DatasetTesi\\DataSet1\\warkingdoms\\Assets\\3rdParty\\Bought\\Hovl Studio\\Toon projectiles\\Prefabs\\Projectile 13.prefab",
      "Name": "Projectile 13"
    },
    {
      "FilePath": "D:\\DatasetTesi\\DataSet1\\warkingdoms\\Assets\\3rdParty\\Bought\\Hovl Studio\\Toon projectiles\\Prefabs\\Projectile 11.prefab",
      "Name": "Projectile 11"
    },
    {
      "FilePath": "D:\\DatasetTesi\\DataSet1\\warkingdoms\\Assets\\3rdParty\\Bought\\Hovl Studio\\Toon projectiles\\Prefabs\\Projectile 15.prefab",
      "Name": "Projectile 15"
    },
    {
      "FilePath": "D:\\DatasetTesi\\DataSet1\\warkingdoms\\Assets\\3rdParty\\Bought\\Hovl Studio\\Toon Projectiles 2\\Prefabs\\Projectile 2.prefab",
      "Name": "Projectile 2"
    },
    {
      "FilePath": "D:\\DatasetTesi\\DataSet1\\warkingdoms\\Assets\\3rdParty\\Bought\\Hovl Studio\\Toon projectiles\\Prefabs\\Projectile 7.prefab",
      "Name": "Projectile 7"
    },
    {
      "FilePath": "D:\\DatasetTesi\\DataSet1\\warkingdoms\\Assets\\3rdParty\\Bought\\Hovl Studio\\Toon Projectiles 2\\Prefabs\\Projectile 13.prefab",
      "Name": "Projectile 13"
    },
    {
      "FilePath": "D:\\DatasetTesi\\DataSet1\\warkingdoms\\Assets\\3rdParty\\Bought\\Hovl Studio\\Toon projectiles\\Prefabs\\Projectile 3.prefab",
      "Name": "Projectile 3"
    },
    {
      "FilePath": "D:\\DatasetTesi\\DataSet1\\warkingdoms\\Assets\\3rdParty\\Bought\\Hovl Studio\\Toon Projectiles 2\\Prefabs\\Projectile 1.prefab",
      "Name": "Projectile 1"
    },
    {
      "FilePath": "D:\\DatasetTesi\\DataSet1\\warkingdoms\\Assets\\3rdParty\\Bought\\Hovl Studio\\Toon projectiles\\Prefabs\\Projectile 10.prefab",
      "Name": "Projectile 10"
    },
    {
      "FilePath": "D:\\DatasetTesi\\DataSet1\\warkingdoms\\Assets\\3rdParty\\Bought\\Hovl Studio\\Toon projectiles\\Prefabs\\Projectile 12.prefab",
      "Name": "Projectile 12"
    },
    {
      "FilePath": "D:\\DatasetTesi\\DataSet1\\warkingdoms\\Assets\\3rdParty\\Bought\\Hovl Studio\\Toon projectiles\\Prefabs\\Projectile 14.prefab",
      "Name": "Projectile 14"
    }
  ],
  "FILENAME": "Heavy_Physics_Computation_.json"
}