{
  "Name": "Lack of optimization when drawing-rendering",
  "Occurrency": 190,
  "Smells": [
    {
      "FilePath": "D:\\DatasetTesi\\DataSet\\aitd-roomviewer\\Assets\\model.unity",
      "Name": "model"
    },
    {
      "FilePath": "D:\\DatasetTesi\\DataSet\\antura\\Assets\\_games\\DancingDots\\game_DancingDots.unity",
      "Name": "game_DancingDots"
    },
    {
      "FilePath": "D:\\DatasetTesi\\DataSet\\antura\\Assets\\_games\\MissingLetter\\game_MissingLetter.unity",
      "Name": "game_MissingLetter"
    },
    {
      "FilePath": "D:\\DatasetTesi\\DataSet\\antura\\Assets\\_core\\_scenes\\app_AnturaSpace.unity",
      "Name": "app_AnturaSpace"
    },
    {
      "FilePath": "D:\\DatasetTesi\\DataSet\\antura\\Assets\\_manage\\preview_UI\\preview_AnturaSpace.unity",
      "Name": "preview_AnturaSpace"
    },
    {
      "FilePath": "D:\\DatasetTesi\\DataSet\\antura\\Assets\\_tests\\RewardSystemTest\\RewardSystemTest.unity",
      "Name": "RewardSystemTest"
    },
    {
      "FilePath": "D:\\DatasetTesi\\DataSet\\antura\\Assets\\_tests\\ShadersTests\\ShadersTests.unity",
      "Name": "ShadersTests"
    },
    {
      "FilePath": "D:\\DatasetTesi\\DataSet\\antura\\Assets\\_games\\Scanner\\game_Scanner.unity",
      "Name": "game_Scanner"
    },
    {
      "FilePath": "D:\\DatasetTesi\\DataSet\\antura\\Assets\\_games\\MixedLetters\\game_MixedLetters.unity",
      "Name": "game_MixedLetters"
    },
    {
      "FilePath": "D:\\DatasetTesi\\DataSet\\antura\\Assets\\_games\\SickLetters\\game_SickLetters.unity",
      "Name": "game_SickLetters"
    },
    {
      "FilePath": "D:\\DatasetTesi\\DataSet\\anyrpgcore\\Assets\\AnyRPG\\Core\\Games\\MovementTestGame\\Scenes\\Content\\MovementTestZone\\MovementTestZone.unity",
      "Name": "MovementTestZone"
    },
    {
      "FilePath": "D:\\DatasetTesi\\DataSet\\anyrpgcore\\Assets\\AnyRPG\\Core\\Games\\FeaturesDemoGame\\Scenes\\Content\\FeaturesDemoDungeon\\FeaturesDemoDungeon.unity",
      "Name": "FeaturesDemoDungeon"
    },
    {
      "FilePath": "D:\\DatasetTesi\\DataSet\\bdframework.core\\Assets\\Code\\BDFramework.UnitTest\\MonoCLR.unity",
      "Name": "MonoCLR"
    },
    {
      "FilePath": "D:\\DatasetTesi\\DataSet\\bdframework.core\\Assets\\Scenes\\BDFrame_Debug.unity",
      "Name": "BDFrame_Debug"
    },
    {
      "FilePath": "D:\\DatasetTesi\\DataSet\\bdframework.core\\Packages\\com.popo.bdframework\\Runtime\\3rdGithub\\BetterStreamingAssets\\BSA_TestScene.unity",
      "Name": "BSA_TestScene"
    },
    {
      "FilePath": "D:\\DatasetTesi\\DataSet\\bdframework.core\\Assets\\Scenes\\BDFrame.unity",
      "Name": "BDFrame"
    },
    {
      "FilePath": "D:\\DatasetTesi\\DataSet\\bdframework.core\\Assets\\Code\\BDFramework.UnitTest\\ILRuntime.unity",
      "Name": "ILRuntime"
    },
    {
      "FilePath": "D:\\DatasetTesi\\DataSet\\bdframework.core\\Packages\\com.popo.bdframework\\Runtime\\UI(UFlux)\\Component\\PageList\\TestScene.unity",
      "Name": "TestScene"
    },
    {
      "FilePath": "D:\\DatasetTesi\\DataSet\\card-game-simulator\\Assets\\Mirror\\Examples\\RigidbodyPhysics\\Scenes\\BounceScene.unity",
      "Name": "BounceScene"
    },
    {
      "FilePath": "D:\\DatasetTesi\\DataSet\\cosmosframework\\Assets\\Examples\\ExampleScripts\\20_AOI\\20_AOI.unity",
      "Name": "20_AOI"
    },
    {
      "FilePath": "D:\\DatasetTesi\\DataSet\\cosmosframework\\Assets\\Examples\\ExampleScripts\\08_ObjectPool\\08_ObjectPool.unity",
      "Name": "08_ObjectPool"
    },
    {
      "FilePath": "D:\\DatasetTesi\\DataSet\\cosmosframework\\Assets\\Examples\\ExampleScripts\\17_PlayerController\\17_PlayerControllerDemo.unity",
      "Name": "17_PlayerControllerDemo"
    },
    {
      "FilePath": "D:\\DatasetTesi\\DataSet\\cosmosframework\\Assets\\Examples\\ExampleScripts\\04_Event\\04_Event_Dispatcher.unity",
      "Name": "04_Event_Dispatcher"
    },
    {
      "FilePath": "D:\\DatasetTesi\\DataSet\\cosmosframework\\Assets\\Examples\\ExampleScripts\\19_SquareGrid\\19_SquareGridFix64.unity",
      "Name": "19_SquareGridFix64"
    },
    {
      "FilePath": "D:\\DatasetTesi\\DataSet\\cosmosframework\\Assets\\Examples\\ExampleScripts\\12_Algorithm\\12_Algorithm.unity",
      "Name": "12_Algorithm"
    },
    {
      "FilePath": "D:\\DatasetTesi\\DataSet\\cosmosframework\\Assets\\Examples\\ExampleScripts\\15_QuadTree\\15_QuadTreeSupervisor.unity",
      "Name": "15_QuadTreeSupervisor"
    },
    {
      "FilePath": "D:\\DatasetTesi\\DataSet\\cosmosframework\\Assets\\Examples\\ExampleScripts\\10_Scene\\10_SceneLoader.unity",
      "Name": "10_SceneLoader"
    },
    {
      "FilePath": "D:\\DatasetTesi\\DataSet\\cosmosframework\\Assets\\Examples\\ExampleScripts\\06_Audio\\06_Audio.unity",
      "Name": "06_Audio"
    },
    {
      "FilePath": "D:\\DatasetTesi\\DataSet\\cosmosframework\\Assets\\Examples\\ExampleScripts\\25_TickTimer\\25_TickTimer.unity",
      "Name": "25_TickTimer"
    },
    {
      "FilePath": "D:\\DatasetTesi\\DataSet\\cosmosframework\\Assets\\Examples\\ExampleScripts\\19_SquareGrid\\19_SquareGrid.unity",
      "Name": "19_SquareGrid"
    },
    {
      "FilePath": "D:\\DatasetTesi\\DataSet\\cosmosframework\\Assets\\Examples\\ExampleScripts\\05_Input\\05_Input.unity",
      "Name": "05_Input"
    },
    {
      "FilePath": "D:\\DatasetTesi\\DataSet\\cosmosframework\\Assets\\Examples\\ExampleScripts\\04_Event\\04_Event_Subscriber.unity",
      "Name": "04_Event_Subscriber"
    },
    {
      "FilePath": "D:\\DatasetTesi\\DataSet\\cosmosframework\\Assets\\Examples\\ExampleScripts\\21_Network\\Lockstep\\21_LockstepDemo.unity",
      "Name": "21_LockstepDemo"
    },
    {
      "FilePath": "D:\\DatasetTesi\\DataSet\\cosmosframework\\Assets\\Examples\\ExampleScripts\\07_FSM\\07_FSM.unity",
      "Name": "07_FSM"
    },
    {
      "FilePath": "D:\\DatasetTesi\\DataSet\\cosmosframework\\Assets\\Examples\\ExampleScripts\\24_Procedure\\24_Procedure.unity",
      "Name": "24_Procedure"
    },
    {
      "FilePath": "D:\\DatasetTesi\\DataSet\\cosmosframework\\Assets\\Examples\\AssetBundleTest\\Scene\\SceneTarget.unity",
      "Name": "SceneTarget"
    },
    {
      "FilePath": "D:\\DatasetTesi\\DataSet\\cosmosframework\\Assets\\Examples\\ExampleScripts\\03_UI\\03_UI.unity",
      "Name": "03_UI"
    },
    {
      "FilePath": "D:\\DatasetTesi\\DataSet\\cosmosframework\\Assets\\Examples\\ExampleScripts\\14_AStarPathfinding\\14_AStarPathfinding.unity",
      "Name": "14_AStarPathfinding"
    },
    {
      "FilePath": "D:\\DatasetTesi\\DataSet\\cosmosframework\\Assets\\Examples\\ExampleScripts\\15_QuadTree\\15_QuadTree.unity",
      "Name": "15_QuadTree"
    },
    {
      "FilePath": "D:\\DatasetTesi\\DataSet\\cosmosframework\\Assets\\Examples\\ExampleScripts\\15_QuadTree\\15_QuadTreeFix64.unity",
      "Name": "15_QuadTreeFix64"
    },
    {
      "FilePath": "D:\\DatasetTesi\\DataSet\\cuboidaldrift\\Assets\\Joystick Pack\\Examples\\Example Scene.unity",
      "Name": "Example Scene"
    },
    {
      "FilePath": "D:\\DatasetTesi\\DataSet\\cytoid\\Assets\\Plugins\\ScreenshotCompanion\\Example\\ScreenshotCompanion.unity",
      "Name": "ScreenshotCompanion"
    },
    {
      "FilePath": "D:\\DatasetTesi\\DataSet\\cytoid\\Assets\\Packages\\Coffee\\UIExtensions\\MirrorReflectionEffectForUGUI\\Demo\\MirrorReflectionEffectForUGUI_Demo.unity",
      "Name": "MirrorReflectionEffectForUGUI_Demo"
    },
    {
      "FilePath": "D:\\DatasetTesi\\DataSet\\cytoid\\Assets\\Packages\\UnityGetComponentAutoInjector\\Example\\example.unity",
      "Name": "example"
    },
    {
      "FilePath": "D:\\DatasetTesi\\DataSet\\ecs-iaus-sytstem\\Assets\\Scenes\\Obolete Scenes\\Programing Playground.unity",
      "Name": "Programing Playground"
    },
    {
      "FilePath": "D:\\DatasetTesi\\DataSet\\ecs-iaus-sytstem\\Assets\\Scenes\\SampleScene.unity",
      "Name": "SampleScene"
    },
    {
      "FilePath": "D:\\DatasetTesi\\DataSet\\ecs-iaus-sytstem\\Assets\\Scenes\\Obolete Scenes\\ECS IAUS.unity",
      "Name": "ECS IAUS"
    },
    {
      "FilePath": "D:\\DatasetTesi\\DataSet\\egameplay\\Assets\\ExplosiveLLC\\SuperCharacterController\\Scenes\\TestZone.unity",
      "Name": "TestZone"
    },
    {
      "FilePath": "D:\\DatasetTesi\\DataSet\\egameplay\\Assets\\EGPsExamples\\RpgExample\\Assets\\Projector\\Projector.unity",
      "Name": "Projector"
    },
    {
      "FilePath": "D:\\DatasetTesi\\DataSet\\egameplay\\Assets\\ExplosiveLLC\\SuperCharacterController\\Scenes\\TerrainTest.unity",
      "Name": "TerrainTest"
    },
    {
      "FilePath": "D:\\DatasetTesi\\DataSet\\egameplay\\Assets\\ExplosiveLLC\\SuperCharacterController\\Scenes\\SpaceZone.unity",
      "Name": "SpaceZone"
    },
    {
      "FilePath": "D:\\DatasetTesi\\DataSet\\fancyscrollview\\Assets\\FancyScrollView\\Examples\\06_LoopTabBar.unity",
      "Name": "06_LoopTabBar"
    },
    {
      "FilePath": "D:\\DatasetTesi\\DataSet\\fancyscrollview\\Assets\\FancyScrollView\\Examples\\08_GridView.unity",
      "Name": "08_GridView"
    },
    {
      "FilePath": "D:\\DatasetTesi\\DataSet\\fancyscrollview\\Assets\\FancyScrollView\\Examples\\07_ScrollRect.unity",
      "Name": "07_ScrollRect"
    },
    {
      "FilePath": "D:\\DatasetTesi\\DataSet\\fancyscrollview\\Assets\\FancyScrollView\\Examples\\09_LoadTexture.unity",
      "Name": "09_LoadTexture"
    },
    {
      "FilePath": "D:\\DatasetTesi\\DataSet1\\gold-player\\Assets\\Hertzole\\Gold Player\\WebGL Example\\ProBuilder\\ProBuilder Models.unity",
      "Name": "ProBuilder Models"
    },
    {
      "FilePath": "D:\\DatasetTesi\\DataSet1\\gold-player\\Assets\\Hertzole\\Gold Player\\WebGL Example\\ProBuilder\\ProBuilder Area.unity",
      "Name": "ProBuilder Area"
    },
    {
      "FilePath": "D:\\DatasetTesi\\DataSet1\\gold-player\\Assets\\Hertzole\\Gold Player\\WebGL Example\\Gold Player Example.unity",
      "Name": "Gold Player Example"
    },
    {
      "FilePath": "D:\\DatasetTesi\\DataSet1\\gold-player\\Assets\\Hertzole\\Gold Player\\WebGL Example\\Gold Player Example.unity",
      "Name": "Gold Player Example"
    },
    {
      "FilePath": "D:\\DatasetTesi\\DataSet1\\gold-player\\Assets\\Hertzole\\Gold Player\\WebGL Example\\Gold Player Tests\\Weapons Testing.unity",
      "Name": "Weapons Testing"
    },
    {
      "FilePath": "D:\\DatasetTesi\\DataSet1\\gold-player\\Assets\\Hertzole\\Gold Player\\WebGL Example\\Gold Player Tests\\UI & Interaction.unity",
      "Name": "UI & Interaction"
    },
    {
      "FilePath": "D:\\DatasetTesi\\DataSet1\\hogwarts\\Assets\\Scripts\\Externals\\Highlighting System\\HighlightingSystemDemo\\Scenes\\Transparency.unity",
      "Name": "Transparency"
    },
    {
      "FilePath": "D:\\DatasetTesi\\DataSet1\\hogwarts\\Assets\\Scripts\\Externals\\Highlighting System\\HighlightingSystemDemo\\Scenes\\Compound.unity",
      "Name": "Compound"
    },
    {
      "FilePath": "D:\\DatasetTesi\\DataSet1\\hogwarts\\Assets\\Scripts\\Externals\\Highlighting System\\HighlightingSystemDemo\\Scenes\\Scripting.unity",
      "Name": "Scripting"
    },
    {
      "FilePath": "D:\\DatasetTesi\\DataSet1\\hogwarts\\Assets\\Scripts\\Externals\\Highlighting System\\HighlightingSystemDemo\\Scenes\\Colors.unity",
      "Name": "Colors"
    },
    {
      "FilePath": "D:\\DatasetTesi\\DataSet1\\hogwarts\\Assets\\Scripts\\Externals\\Highlighting System\\HighlightingSystemDemo\\Scenes\\OccluderModes.unity",
      "Name": "OccluderModes"
    },
    {
      "FilePath": "D:\\DatasetTesi\\DataSet1\\hogwarts\\Assets\\Scripts\\Externals\\Highlighting System\\HighlightingSystemDemo\\Scenes\\Occlusion.unity",
      "Name": "Occlusion"
    },
    {
      "FilePath": "D:\\DatasetTesi\\DataSet1\\hogwarts\\Assets\\Scripts\\Externals\\Highlighting System\\HighlightingSystemDemo\\Scenes\\Welcome.unity",
      "Name": "Welcome"
    },
    {
      "FilePath": "D:\\DatasetTesi\\DataSet1\\impossibleodds-toolkit\\Assets\\Impossible Odds\\Toolkit\\Samples\\Core\\LoggingUtility\\TestLoggingUtility.unity",
      "Name": "TestLoggingUtility"
    },
    {
      "FilePath": "D:\\DatasetTesi\\DataSet1\\inputsystem\\Assets\\QA\\Tests\\XRDeviceActions\\MagicLeap\\MLActions.unity",
      "Name": "MLActions"
    },
    {
      "FilePath": "D:\\DatasetTesi\\DataSet1\\inputsystem\\Assets\\Samples\\Visualizers\\SimpleControlsVisualizer.unity",
      "Name": "SimpleControlsVisualizer"
    },
    {
      "FilePath": "D:\\DatasetTesi\\DataSet1\\inputsystem\\Assets\\QA\\Tests\\XRDeviceActions\\Daydream\\DaydreamActions.unity",
      "Name": "DaydreamActions"
    },
    {
      "FilePath": "D:\\DatasetTesi\\DataSet1\\inputsystem\\Assets\\QA\\Tests\\LegacyInputManager\\ISX_LegacyInputManager.unity",
      "Name": "ISX_LegacyInputManager"
    },
    {
      "FilePath": "D:\\DatasetTesi\\DataSet1\\inputsystem\\Assets\\Samples\\GamepadMouseCursor\\GamepadMouseCursorSample.unity",
      "Name": "GamepadMouseCursorSample"
    },
    {
      "FilePath": "D:\\DatasetTesi\\DataSet1\\inputsystem\\Assets\\Samples\\SimpleDemo\\SimpleDemo_UsingPlayerInput.unity",
      "Name": "SimpleDemo_UsingPlayerInput"
    },
    {
      "FilePath": "D:\\DatasetTesi\\DataSet1\\inputsystem\\Assets\\QA\\Tests\\XRDeviceActions\\ARFoundation\\ARFoundationActions.unity",
      "Name": "ARFoundationActions"
    },
    {
      "FilePath": "D:\\DatasetTesi\\DataSet1\\inputsystem\\Assets\\QA\\Tests\\XRDeviceActions\\WMR\\WMRActions.unity",
      "Name": "WMRActions"
    },
    {
      "FilePath": "D:\\DatasetTesi\\DataSet1\\inputsystem\\Assets\\Samples\\SimpleDemo\\SimpleDemo_UsingState.unity",
      "Name": "SimpleDemo_UsingState"
    },
    {
      "FilePath": "D:\\DatasetTesi\\DataSet1\\inputsystem\\Assets\\QA\\Tests\\KeyboardMouseBasic\\ISX_KB_Mouse_Basic.unity",
      "Name": "ISX_KB_Mouse_Basic"
    },
    {
      "FilePath": "D:\\DatasetTesi\\DataSet1\\inputsystem\\Assets\\QA\\Tests\\XRDeviceActions\\Vive\\KnucklesActions.unity",
      "Name": "KnucklesActions"
    },
    {
      "FilePath": "D:\\DatasetTesi\\DataSet1\\inputsystem\\Assets\\QA\\Input_Test\\GUITest.unity",
      "Name": "GUITest"
    },
    {
      "FilePath": "D:\\DatasetTesi\\DataSet1\\inputsystem\\Assets\\Samples\\Visualizers\\GamepadVisualizer.unity",
      "Name": "GamepadVisualizer"
    },
    {
      "FilePath": "D:\\DatasetTesi\\DataSet1\\inputsystem\\Assets\\Samples\\Visualizers\\GamepadVisualizer.unity",
      "Name": "GamepadVisualizer"
    },
    {
      "FilePath": "D:\\DatasetTesi\\DataSet1\\inputsystem\\Assets\\QA\\Tests\\XRDeviceActions\\GearVR\\GearVRActions.unity",
      "Name": "GearVRActions"
    },
    {
      "FilePath": "D:\\DatasetTesi\\DataSet1\\inputsystem\\Assets\\QA\\Tests\\XRDeviceActions\\Vive\\ViveWandActions.unity",
      "Name": "ViveWandActions"
    },
    {
      "FilePath": "D:\\DatasetTesi\\DataSet1\\inputsystem\\Assets\\QA\\Tests\\Xbox Controller Basic\\ISX_XBoxGamepad.unity",
      "Name": "ISX_XBoxGamepad"
    },
    {
      "FilePath": "D:\\DatasetTesi\\DataSet1\\inputsystem\\Assets\\QA\\Input_Test\\IMETest.unity",
      "Name": "IMETest"
    },
    {
      "FilePath": "D:\\DatasetTesi\\DataSet1\\inputsystem\\Assets\\QA\\Tests\\Touch\\ISX_Touch.unity",
      "Name": "ISX_Touch"
    },
    {
      "FilePath": "D:\\DatasetTesi\\DataSet1\\inputsystem\\Assets\\QA\\Tests\\XRHaptics\\XRHaptics.unity",
      "Name": "XRHaptics"
    },
    {
      "FilePath": "D:\\DatasetTesi\\DataSet1\\inputsystem\\Assets\\QA\\Tests\\XRDeviceActions\\Rift\\RiftActions.unity",
      "Name": "RiftActions"
    },
    {
      "FilePath": "D:\\DatasetTesi\\DataSet1\\inputsystem\\Assets\\QA\\Tests\\Scratch.unity",
      "Name": "Scratch"
    },
    {
      "FilePath": "D:\\DatasetTesi\\DataSet1\\inputsystem\\Assets\\Samples\\InGameHints\\InGameHintsSampleScene.unity",
      "Name": "InGameHintsSampleScene"
    },
    {
      "FilePath": "D:\\DatasetTesi\\DataSet1\\inputsystem\\Assets\\QA\\Tests\\XRDeviceActions\\WMR\\HololensActions.unity",
      "Name": "HololensActions"
    },
    {
      "FilePath": "D:\\DatasetTesi\\DataSet1\\inputsystem\\Assets\\Samples\\InputRecorder\\InputRecorderSample.unity",
      "Name": "InputRecorderSample"
    },
    {
      "FilePath": "D:\\DatasetTesi\\DataSet1\\inputsystem\\Assets\\QA\\Tests\\DeviceList\\DeviceList.unity",
      "Name": "DeviceList"
    },
    {
      "FilePath": "D:\\DatasetTesi\\DataSet1\\inputsystem\\Assets\\Samples\\SimpleMultiplayer\\SimpleMultiplayerDemo.unity",
      "Name": "SimpleMultiplayerDemo"
    },
    {
      "FilePath": "D:\\DatasetTesi\\DataSet1\\inputsystem\\Assets\\Samples\\Visualizers\\PenVisualizer.unity",
      "Name": "PenVisualizer"
    },
    {
      "FilePath": "D:\\DatasetTesi\\DataSet1\\inputsystem\\Assets\\Samples\\SimpleDemo\\SimpleDemo_UsingActionAsset.unity",
      "Name": "SimpleDemo_UsingActionAsset"
    },
    {
      "FilePath": "D:\\DatasetTesi\\DataSet1\\inputsystem\\Assets\\Samples\\SimpleDemo\\SimpleDemo_UsingActions.unity",
      "Name": "SimpleDemo_UsingActions"
    },
    {
      "FilePath": "D:\\DatasetTesi\\DataSet1\\inputsystem\\Assets\\Samples\\RebindingUI\\RebindingUISampleScene.unity",
      "Name": "RebindingUISampleScene"
    },
    {
      "FilePath": "D:\\DatasetTesi\\DataSet1\\inputsystem\\Assets\\Samples\\Visualizers\\MouseVisualizer.unity",
      "Name": "MouseVisualizer"
    },
    {
      "FilePath": "D:\\DatasetTesi\\DataSet1\\jcsunity\\Assets\\JCSUnity\\Scenes\\Demo\\GUI\\JCS_ButtonSelectionGroup.unity",
      "Name": "JCS_ButtonSelectionGroup"
    },
    {
      "FilePath": "D:\\DatasetTesi\\DataSet1\\jcsunity\\Assets\\_RunningCrush\\Scenes\\RC_Level_01.unity",
      "Name": "RC_Level_01"
    },
    {
      "FilePath": "D:\\DatasetTesi\\DataSet1\\jcsunity\\Assets\\_Project\\Scenes\\Shader\\FT_TestShader.unity",
      "Name": "FT_TestShader"
    },
    {
      "FilePath": "D:\\DatasetTesi\\DataSet1\\jcsunity\\Assets\\JCSUnity\\Scenes\\Demo\\GUI\\JCS_Toggle.unity",
      "Name": "JCS_Toggle"
    },
    {
      "FilePath": "D:\\DatasetTesi\\DataSet1\\jcsunity\\Assets\\_Project\\Scenes\\System\\FT_PauseAction.unity",
      "Name": "FT_PauseAction"
    },
    {
      "FilePath": "D:\\DatasetTesi\\DataSet1\\jcsunity\\Assets\\JCSUnity\\Scenes\\Demo\\GUI\\JCS_UndoRedoSystem.unity",
      "Name": "JCS_UndoRedoSystem"
    },
    {
      "FilePath": "D:\\DatasetTesi\\DataSet1\\jcsunity\\Assets\\JCSUnity\\Scenes\\Demo\\Sound\\JCS_ButtonSoundEffect.unity",
      "Name": "JCS_ButtonSoundEffect"
    },
    {
      "FilePath": "D:\\DatasetTesi\\DataSet1\\jcsunity\\Assets\\JCSUnity\\Scenes\\Demo\\3D\\JCS_3DThrowAction.unity",
      "Name": "JCS_3DThrowAction"
    },
    {
      "FilePath": "D:\\DatasetTesi\\DataSet1\\jcsunity\\Assets\\_Project\\Scenes\\Sound\\FT_Musie.unity",
      "Name": "FT_Musie"
    },
    {
      "FilePath": "D:\\DatasetTesi\\DataSet1\\jcsunity\\Assets\\_Project\\Scenes\\UI\\FT_UITest.unity",
      "Name": "FT_UITest"
    },
    {
      "FilePath": "D:\\DatasetTesi\\DataSet1\\jcsunity\\Assets\\_Project\\Scenes\\SaveLoad\\FT_SaveLoad.unity",
      "Name": "FT_SaveLoad"
    },
    {
      "FilePath": "D:\\DatasetTesi\\DataSet1\\jcsunity\\Assets\\JCSUnity\\Scenes\\Demo\\GUI\\JCS_GamePadUIHandler.unity",
      "Name": "JCS_GamePadUIHandler"
    },
    {
      "FilePath": "D:\\DatasetTesi\\DataSet1\\jcsunity\\Assets\\JCSUnity\\Scenes\\Demo\\2D\\JCS_SideScroller.unity",
      "Name": "JCS_SideScroller"
    },
    {
      "FilePath": "D:\\DatasetTesi\\DataSet1\\jcsunity\\Assets\\JCSUnity\\Scenes\\Demo\\GUI\\JCS_TextAnimation.unity",
      "Name": "JCS_TextAnimation"
    },
    {
      "FilePath": "D:\\DatasetTesi\\DataSet1\\jcsunity\\Assets\\JCSUnity\\Scenes\\Demo\\JCS_HopEffect.unity",
      "Name": "JCS_HopEffect"
    },
    {
      "FilePath": "D:\\DatasetTesi\\DataSet1\\mapboxargame\\Assets\\Mapbox\\Examples\\1_DataExplorer\\DataExplorer.unity",
      "Name": "DataExplorer"
    },
    {
      "FilePath": "D:\\DatasetTesi\\DataSet1\\mapboxargame\\Assets\\Mapbox\\Examples\\5_Playground\\Scenes\\LocationProvider.unity",
      "Name": "LocationProvider"
    },
    {
      "FilePath": "D:\\DatasetTesi\\DataSet1\\mapboxargame\\Assets\\Mapbox\\Examples\\4_ReplaceFeatures\\IconicBuildings.unity",
      "Name": "IconicBuildings"
    },
    {
      "FilePath": "D:\\DatasetTesi\\DataSet1\\mapboxargame\\Assets\\UnityARInterface\\ARRemote\\RemoteDevice.unity",
      "Name": "RemoteDevice"
    },
    {
      "FilePath": "D:\\DatasetTesi\\DataSet1\\mapboxargame\\Assets\\Mapbox\\Examples\\2_AstronautGame\\AstronautGame.unity",
      "Name": "AstronautGame"
    },
    {
      "FilePath": "D:\\DatasetTesi\\DataSet1\\mapboxargame\\Assets\\Mapbox\\Examples\\6_ZoomableMap\\ZoomableMap.unity",
      "Name": "ZoomableMap"
    },
    {
      "FilePath": "D:\\DatasetTesi\\DataSet1\\mapboxargame\\Assets\\UnityARKitPlugin\\ARKitRemote\\UnityARKitRemote.unity",
      "Name": "UnityARKitRemote"
    },
    {
      "FilePath": "D:\\DatasetTesi\\DataSet1\\mapboxargame\\Assets\\Mapbox\\Examples\\5_Playground\\Scenes\\VectorTile.unity",
      "Name": "VectorTile"
    },
    {
      "FilePath": "D:\\DatasetTesi\\DataSet1\\mapboxargame\\Assets\\Mapbox\\Examples\\0_PrefabScenes\\Location-basedGame.unity",
      "Name": "Location-basedGame"
    },
    {
      "FilePath": "D:\\DatasetTesi\\DataSet1\\mapboxargame\\Assets\\FJU\\Scenes\\Open.unity",
      "Name": "Open"
    },
    {
      "FilePath": "D:\\DatasetTesi\\DataSet1\\mapboxargame\\Assets\\Mapbox\\Examples\\1_DataExplorer\\TrafficAndDirections.unity",
      "Name": "TrafficAndDirections"
    },
    {
      "FilePath": "D:\\DatasetTesi\\DataSet1\\mapboxargame\\Assets\\Mapbox\\Examples\\1_DataExplorer\\InteractiveStyledVectorMap.unity",
      "Name": "InteractiveStyledVectorMap"
    },
    {
      "FilePath": "D:\\DatasetTesi\\DataSet1\\mapboxargame\\Assets\\Mapbox\\Examples\\4_ReplaceFeatures\\ReplaceFeatures.unity",
      "Name": "ReplaceFeatures"
    },
    {
      "FilePath": "D:\\DatasetTesi\\DataSet1\\mapboxargame\\Assets\\GoogleARCore\\Examples\\ComputerVision\\Scenes\\ComputerVision.unity",
      "Name": "ComputerVision"
    },
    {
      "FilePath": "D:\\DatasetTesi\\DataSet1\\mapboxargame\\Assets\\Mapbox\\Examples\\7_Globe\\Globe.unity",
      "Name": "Globe"
    },
    {
      "FilePath": "D:\\DatasetTesi\\DataSet1\\mapboxargame\\Assets\\Mapbox\\Examples\\5_Playground\\Scenes\\RemoveZ-Fighting.unity",
      "Name": "RemoveZ-Fighting"
    },
    {
      "FilePath": "D:\\DatasetTesi\\DataSet1\\mapboxargame\\Assets\\Mapbox\\Examples\\5_Playground\\Scenes\\RasterTile.unity",
      "Name": "RasterTile"
    },
    {
      "FilePath": "D:\\DatasetTesi\\DataSet1\\mapboxargame\\Assets\\Mapbox\\Examples\\5_Playground\\Scenes\\ForwardGeocoder.unity",
      "Name": "ForwardGeocoder"
    },
    {
      "FilePath": "D:\\DatasetTesi\\DataSet1\\mapboxargame\\Assets\\Mapbox\\Examples\\5_Playground\\Scenes\\ReverseGeocoder.unity",
      "Name": "ReverseGeocoder"
    },
    {
      "FilePath": "D:\\DatasetTesi\\DataSet1\\mapboxargame\\Assets\\Mapbox\\Examples\\5_Playground\\Scenes\\Directions.unity",
      "Name": "Directions"
    },
    {
      "FilePath": "D:\\DatasetTesi\\DataSet1\\mapboxargame\\Assets\\UnityARKitPlugin\\Examples\\AddRemoveAnchorExample\\AddRemoveAnchorScene.unity",
      "Name": "AddRemoveAnchorScene"
    },
    {
      "FilePath": "D:\\DatasetTesi\\DataSet1\\mapboxargame\\Assets\\Mapbox\\Examples\\3_POIPlacement\\POIPlacement.unity",
      "Name": "POIPlacement"
    },
    {
      "FilePath": "D:\\DatasetTesi\\DataSet1\\mapboxargame\\Assets\\Mapbox\\Examples\\8_VoxelMap\\VoxelMap.unity",
      "Name": "VoxelMap"
    },
    {
      "FilePath": "D:\\DatasetTesi\\DataSet1\\mapboxargame\\Assets\\UnityARKitPlugin\\ARKitRemote\\EditorTestScene.unity",
      "Name": "EditorTestScene"
    },
    {
      "FilePath": "D:\\DatasetTesi\\DataSet1\\mapboxargame\\Assets\\Mapbox\\Examples\\0_PrefabScenes\\CitySimulator.unity",
      "Name": "CitySimulator"
    },
    {
      "FilePath": "D:\\DatasetTesi\\DataSet1\\mirage\\Assets\\Tests\\Scenes\\SceneObjectSpawningTestsScene.unity",
      "Name": "SceneObjectSpawningTestsScene"
    },
    {
      "FilePath": "D:\\DatasetTesi\\DataSet1\\mirage\\Assets\\Mirage\\Samples~\\RigidbodyPhysics\\Scenes\\BounceScene.unity",
      "Name": "BounceScene"
    },
    {
      "FilePath": "D:\\DatasetTesi\\DataSet1\\mirror\\Assets\\Mirror\\Tests\\Runtime\\Scenes\\SceneObjectSpawningTestsScene.unity",
      "Name": "SceneObjectSpawningTestsScene"
    },
    {
      "FilePath": "D:\\DatasetTesi\\DataSet1\\mirror\\Assets\\Mirror\\Examples\\RigidbodyPhysics\\Scenes\\BounceScene.unity",
      "Name": "BounceScene"
    },
    {
      "FilePath": "D:\\DatasetTesi\\DataSet1\\openkcc\\Assets\\Shaders\\QuickOutline\\Samples\\Scenes\\QuickOutline.unity",
      "Name": "QuickOutline"
    },
    {
      "FilePath": "D:\\DatasetTesi\\DataSet1\\peco\\Assets\\_Scenes\\TestScene.unity",
      "Name": "TestScene"
    },
    {
      "FilePath": "D:\\DatasetTesi\\DataSet1\\peco\\Assets\\_Scenes\\MainMenu.unity",
      "Name": "MainMenu"
    },
    {
      "FilePath": "D:\\DatasetTesi\\DataSet1\\peco\\Assets\\_Scenes\\AlphaSandbox.unity",
      "Name": "AlphaSandbox"
    },
    {
      "FilePath": "D:\\DatasetTesi\\DataSet1\\phos\\Assets\\Scenes\\TestScene.unity",
      "Name": "TestScene"
    },
    {
      "FilePath": "D:\\DatasetTesi\\DataSet1\\phos\\Assets\\Scenes\\Main.unity",
      "Name": "Main"
    },
    {
      "FilePath": "D:\\DatasetTesi\\DataSet1\\reeseunitydemos\\Assets\\Scenes\\Nav\\NavTerrainDemo.unity",
      "Name": "NavTerrainDemo"
    },
    {
      "FilePath": "D:\\DatasetTesi\\DataSet1\\reeseunitydemos\\Assets\\Scenes\\Nav\\NavTerrainDemo.unity",
      "Name": "NavTerrainDemo"
    },
    {
      "FilePath": "D:\\DatasetTesi\\DataSet1\\reeseunitydemos\\Assets\\Scenes\\Nav\\NavPointAndClickDemo.unity",
      "Name": "NavPointAndClickDemo"
    },
    {
      "FilePath": "D:\\DatasetTesi\\DataSet1\\reeseunitydemos\\Assets\\Scenes\\Nav\\NavPointAndClickDemo.unity",
      "Name": "NavPointAndClickDemo"
    },
    {
      "FilePath": "D:\\DatasetTesi\\DataSet1\\reeseunitydemos\\Assets\\Scenes\\Nav\\NavFlockingDemo.unity",
      "Name": "NavFlockingDemo"
    },
    {
      "FilePath": "D:\\DatasetTesi\\DataSet1\\reeseunitydemos\\Assets\\Scenes\\Nav\\NavFlockingDemo.unity",
      "Name": "NavFlockingDemo"
    },
    {
      "FilePath": "D:\\DatasetTesi\\DataSet1\\reeseunitydemos\\Assets\\Scenes\\Nav\\NavMovingJumpDemo.unity",
      "Name": "NavMovingJumpDemo"
    },
    {
      "FilePath": "D:\\DatasetTesi\\DataSet1\\reeseunitydemos\\Assets\\Scenes\\Nav\\NavMovingJumpDemo.unity",
      "Name": "NavMovingJumpDemo"
    },
    {
      "FilePath": "D:\\DatasetTesi\\DataSet1\\sanandreasunity\\Assets\\Scenes\\Startup.unity",
      "Name": "Startup"
    },
    {
      "FilePath": "D:\\DatasetTesi\\DataSet1\\sanandreasunity\\Assets\\Scenes\\Startup.unity",
      "Name": "Startup"
    },
    {
      "FilePath": "D:\\DatasetTesi\\DataSet1\\sanandreasunity\\Assets\\Scenes\\Demo.unity",
      "Name": "Demo"
    },
    {
      "FilePath": "D:\\DatasetTesi\\DataSet1\\sanandreasunity\\Assets\\Scenes\\Main.unity",
      "Name": "Main"
    },
    {
      "FilePath": "D:\\DatasetTesi\\DataSet1\\simulator\\Assets\\Scenes\\LoaderScene.unity",
      "Name": "LoaderScene"
    },
    {
      "FilePath": "D:\\DatasetTesi\\DataSet1\\simulator\\Assets\\Scenes\\ScenarioEditor.unity",
      "Name": "ScenarioEditor"
    },
    {
      "FilePath": "D:\\DatasetTesi\\DataSet1\\snappable-meshes-pcg\\Assets\\Plugins\\NaughtyAttributes\\Samples\\DemoScene\\DemoScene.unity",
      "Name": "DemoScene"
    },
    {
      "FilePath": "D:\\DatasetTesi\\DataSet1\\ss3d\\Assets\\Scripts\\External\\UnityToolbarExtender\\unity-toolbar-extender-1.4.1\\Example~\\SceneSwitcher\\Scenes\\ToolbarExtenderExampleScene1.unity",
      "Name": "ToolbarExtenderExampleScene1"
    },
    {
      "FilePath": "D:\\DatasetTesi\\DataSet1\\ss3d\\Assets\\Scripts\\External\\UnityToolbarExtender\\unity-toolbar-extender-1.4.1\\Example~\\SceneSwitcher\\Scenes\\ToolbarExtenderExampleScene2.unity",
      "Name": "ToolbarExtenderExampleScene2"
    },
    {
      "FilePath": "D:\\DatasetTesi\\DataSet1\\unity-flightphysics\\Assets\\FlightPhysics\\Scenes\\FlightPhysics_Aircraft_Mechanics.unity",
      "Name": "FlightPhysics_Aircraft_Mechanics"
    },
    {
      "FilePath": "D:\\DatasetTesi\\DataSet1\\unity-flightphysics\\Assets\\FlightPhysics\\Scenes\\FlightPhysics_War_Mechanics.unity",
      "Name": "FlightPhysics_War_Mechanics"
    },
    {
      "FilePath": "D:\\DatasetTesi\\DataSet1\\unity-tactical-rpg-battle-system\\Assets\\Scenes\\BoardCreator.unity",
      "Name": "BoardCreator"
    },
    {
      "FilePath": "D:\\DatasetTesi\\DataSet1\\unity-tactical-rpg-battle-system\\Assets\\Scenes\\Sandbox\\Icons.unity",
      "Name": "Icons"
    },
    {
      "FilePath": "D:\\DatasetTesi\\DataSet1\\unity-tactical-rpg-battle-system\\Assets\\Scenes\\Sandbox\\PoolTest2.unity",
      "Name": "PoolTest2"
    },
    {
      "FilePath": "D:\\DatasetTesi\\DataSet1\\unity-tactical-rpg-battle-system\\Assets\\Scenes\\Tests\\LevelGrothTest.unity",
      "Name": "LevelGrothTest"
    },
    {
      "FilePath": "D:\\DatasetTesi\\DataSet1\\unity-tactical-rpg-battle-system\\Assets\\Scenes\\Tests\\StatsEquipmentTest.unity",
      "Name": "StatsEquipmentTest"
    },
    {
      "FilePath": "D:\\DatasetTesi\\DataSet1\\unity-tactical-rpg-battle-system\\Assets\\Scenes\\Battle.unity",
      "Name": "Battle"
    },
    {
      "FilePath": "D:\\DatasetTesi\\DataSet1\\unity-tactical-rpg-battle-system\\Assets\\Scenes\\Battle.unity",
      "Name": "Battle"
    },
    {
      "FilePath": "D:\\DatasetTesi\\DataSet1\\unity-tactical-rpg-battle-system\\Assets\\Scenes\\Tests\\BattleTests.unity",
      "Name": "BattleTests"
    },
    {
      "FilePath": "D:\\DatasetTesi\\DataSet1\\unity-tactical-rpg-battle-system\\Assets\\Scenes\\Sandbox\\PoolTest1.unity",
      "Name": "PoolTest1"
    },
    {
      "FilePath": "D:\\DatasetTesi\\DataSet1\\unity3d-lolo\\Assets\\Res\\Scenes\\Test.unity",
      "Name": "Test"
    },
    {
      "FilePath": "D:\\DatasetTesi\\DataSet1\\unity3d-lolo\\Assets\\Res\\Scenes\\Empty.unity",
      "Name": "Empty"
    },
    {
      "FilePath": "D:\\DatasetTesi\\DataSet1\\unity3d-lolo\\Assets\\Res\\Scenes\\Empty.unity",
      "Name": "Empty"
    },
    {
      "FilePath": "D:\\DatasetTesi\\DataSet1\\voxelfield\\Assets\\Scenes\\Map.unity",
      "Name": "Map"
    },
    {
      "FilePath": "D:\\DatasetTesi\\DataSet1\\voxelfield\\Assets\\Scenes\\Map.unity",
      "Name": "Map"
    },
    {
      "FilePath": "D:\\DatasetTesi\\DataSet1\\warkingdoms\\Assets\\3rdParty\\Bought\\Hovl Studio\\Auras pack\\Demo scene\\Demo scene.unity",
      "Name": "Demo scene"
    },
    {
      "FilePath": "D:\\DatasetTesi\\DataSet1\\warkingdoms\\Assets\\3rdParty\\Bought\\DAX\\Low Poly Stylized Trees\\Demo\\Demo_Conifers_Hi.unity",
      "Name": "Demo_Conifers_Hi"
    },
    {
      "FilePath": "D:\\DatasetTesi\\DataSet1\\warkingdoms\\Assets\\3rdParty\\Bought\\Bitgem\\Orc_RTS_Pack\\Scenes\\Orc RTS - Hand Painted.unity",
      "Name": "Orc RTS - Hand Painted"
    },
    {
      "FilePath": "D:\\DatasetTesi\\DataSet1\\warkingdoms\\Assets\\3rdParty\\Bought\\DAX\\Low Poly Stylized Trees\\Demo\\Demo_Conifers_Lo.unity",
      "Name": "Demo_Conifers_Lo"
    },
    {
      "FilePath": "D:\\DatasetTesi\\DataSet1\\warkingdoms\\Assets\\3rdParty\\Bought\\AnimatedDemonSet\\DemoScene\\Scenes\\Demo.unity",
      "Name": "Demo"
    },
    {
      "FilePath": "D:\\DatasetTesi\\DataSet1\\warkingdoms\\Assets\\3rdParty\\Bought\\AnimatedDemonSet\\demon_scene.unity",
      "Name": "demon_scene"
    }
  ],
  "FILENAME": "Lack_of_optimization_when_drawing-rendering.json"
}