{
  "Name": "Mesh Collider Smells",
  "Occurrency": 345,
  "Smells": [
    {
      "FileName": "D:\\DatasetTesi\\DataSet\\antura\\Assets\\Resources\\Prefabs\\AnturaSpace\\Decorations\\Decoration_Forest.prefab",
      "Name": "Decoration_Forest",
      "Type": "prefab"
    },
    {
      "FileName": "D:\\DatasetTesi\\DataSet\\antura\\Assets\\Resources\\Prefabs\\AnturaSpace\\Decorations\\Decoration_Prop2.prefab",
      "Name": "Decoration_Prop2",
      "Type": "prefab"
    },
    {
      "FileName": "D:\\DatasetTesi\\DataSet\\antura\\Assets\\_core\\Models\\Map\\Prefabs\\cactus__small_map4.prefab",
      "Name": "cactus__small_map4",
      "Type": "prefab"
    },
    {
      "FileName": "D:\\DatasetTesi\\DataSet\\antura\\Assets\\_games\\Balloons\\game_Balloons.unity",
      "Name": "game_Balloons",
      "Type": "unity"
    },
    {
      "FileName": "D:\\DatasetTesi\\DataSet\\antura\\Assets\\Resources\\Prefabs\\AnturaSpace\\Decorations\\Decoration_Prop5.prefab",
      "Name": "Decoration_Prop5",
      "Type": "prefab"
    },
    {
      "FileName": "D:\\DatasetTesi\\DataSet\\antura\\Assets\\_core\\Models\\Map\\Prefabs\\bush.prefab",
      "Name": "bush",
      "Type": "prefab"
    },
    {
      "FileName": "D:\\DatasetTesi\\DataSet\\antura\\Assets\\_manage\\preview_Actors\\preview_LivingLetter.unity",
      "Name": "preview_LivingLetter",
      "Type": "unity"
    },
    {
      "FileName": "D:\\DatasetTesi\\DataSet\\antura\\Assets\\_core\\Models\\Map\\Prefabs\\house_small.prefab",
      "Name": "house_small",
      "Type": "prefab"
    },
    {
      "FileName": "D:\\DatasetTesi\\DataSet\\antura\\Assets\\_games\\SickLetters\\Prefabs\\Art\\Art.prefab",
      "Name": "Art",
      "Type": "prefab"
    },
    {
      "FileName": "D:\\DatasetTesi\\DataSet\\antura\\Assets\\Resources\\Prefabs\\AnturaSpace\\Decorations\\Decoration_Carpet4.prefab",
      "Name": "Decoration_Carpet4",
      "Type": "prefab"
    },
    {
      "FileName": "D:\\DatasetTesi\\DataSet\\antura\\Assets\\_manage\\preview_UI\\preview_TutorialUI.unity",
      "Name": "preview_TutorialUI",
      "Type": "unity"
    },
    {
      "FileName": "D:\\DatasetTesi\\DataSet\\antura\\Assets\\_core\\_scenes\\app_Intro.unity",
      "Name": "app_Intro",
      "Type": "unity"
    },
    {
      "FileName": "D:\\DatasetTesi\\DataSet\\antura\\Assets\\Resources\\Prefabs\\AnturaSpace\\Decorations\\Decoration_Carpet3.prefab",
      "Name": "Decoration_Carpet3",
      "Type": "prefab"
    },
    {
      "FileName": "D:\\DatasetTesi\\DataSet\\antura\\Assets\\Resources\\Prefabs\\Map\\Environment_map3.prefab",
      "Name": "Environment_map3",
      "Type": "prefab"
    },
    {
      "FileName": "D:\\DatasetTesi\\DataSet\\antura\\Assets\\_core\\Models\\Map\\Prefabs\\house_big.prefab",
      "Name": "house_big",
      "Type": "prefab"
    },
    {
      "FileName": "D:\\DatasetTesi\\DataSet\\antura\\Assets\\_games\\DancingDots\\game_DancingDots.unity",
      "Name": "game_DancingDots",
      "Type": "unity"
    },
    {
      "FileName": "D:\\DatasetTesi\\DataSet\\antura\\Assets\\Resources\\Prefabs\\Map\\Environment_map5.prefab",
      "Name": "Environment_map5",
      "Type": "prefab"
    },
    {
      "FileName": "D:\\DatasetTesi\\DataSet\\antura\\Assets\\_games\\ReadingGame\\game_ReadingGame.unity",
      "Name": "game_ReadingGame",
      "Type": "unity"
    },
    {
      "FileName": "D:\\DatasetTesi\\DataSet\\antura\\Assets\\_games\\MissingLetter\\game_MissingLetter.unity",
      "Name": "game_MissingLetter",
      "Type": "unity"
    },
    {
      "FileName": "D:\\DatasetTesi\\DataSet\\antura\\Assets\\Resources\\Prefabs\\Map\\Environment_map4.prefab",
      "Name": "Environment_map4",
      "Type": "prefab"
    },
    {
      "FileName": "D:\\DatasetTesi\\DataSet\\antura\\Assets\\_core\\_scenes\\app_Ending.unity",
      "Name": "app_Ending",
      "Type": "unity"
    },
    {
      "FileName": "D:\\DatasetTesi\\DataSet\\antura\\Assets\\_games\\ThrowBalls\\Prefabs\\LetterWithProps.prefab",
      "Name": "LetterWithProps",
      "Type": "prefab"
    },
    {
      "FileName": "D:\\DatasetTesi\\DataSet\\antura\\Assets\\_core\\_scenes\\app_AnturaSpace.unity",
      "Name": "app_AnturaSpace",
      "Type": "unity"
    },
    {
      "FileName": "D:\\DatasetTesi\\DataSet\\antura\\Assets\\_core\\Models\\Map\\Prefabs\\forest_pine.prefab",
      "Name": "forest_pine",
      "Type": "prefab"
    },
    {
      "FileName": "D:\\DatasetTesi\\DataSet\\antura\\Assets\\Resources\\Prefabs\\Map\\Environment_map6.prefab",
      "Name": "Environment_map6",
      "Type": "prefab"
    },
    {
      "FileName": "D:\\DatasetTesi\\DataSet\\antura\\Assets\\_manage\\preview_UI\\preview_AnturaSpace.unity",
      "Name": "preview_AnturaSpace",
      "Type": "unity"
    },
    {
      "FileName": "D:\\DatasetTesi\\DataSet\\antura\\Assets\\Resources\\Prefabs\\AnturaSpace\\Decorations\\Decoration_Tree1.prefab",
      "Name": "Decoration_Tree1",
      "Type": "prefab"
    },
    {
      "FileName": "D:\\DatasetTesi\\DataSet\\antura\\Assets\\_games\\FastCrowd\\game_FastCrowd.unity",
      "Name": "game_FastCrowd",
      "Type": "unity"
    },
    {
      "FileName": "D:\\DatasetTesi\\DataSet\\antura\\Assets\\Resources\\Prefabs\\AnturaSpace\\Decorations\\Decoration_Tree3.prefab",
      "Name": "Decoration_Tree3",
      "Type": "prefab"
    },
    {
      "FileName": "D:\\DatasetTesi\\DataSet\\antura\\Assets\\_games\\TakeMeHome\\game_TakeMeHome.unity",
      "Name": "game_TakeMeHome",
      "Type": "unity"
    },
    {
      "FileName": "D:\\DatasetTesi\\DataSet\\antura\\Assets\\_core\\Models\\Map\\Prefabs\\boulder.prefab",
      "Name": "boulder",
      "Type": "prefab"
    },
    {
      "FileName": "D:\\DatasetTesi\\DataSet\\antura\\Assets\\Resources\\Prefabs\\Intro\\Mazecharacter.prefab",
      "Name": "Mazecharacter",
      "Type": "prefab"
    },
    {
      "FileName": "D:\\DatasetTesi\\DataSet\\antura\\Assets\\_manage\\preview_UI\\preview_GameResultUI.unity",
      "Name": "preview_GameResultUI",
      "Type": "unity"
    },
    {
      "FileName": "D:\\DatasetTesi\\DataSet\\antura\\Assets\\Resources\\Prefabs\\AnturaSpace\\Decorations\\Decoration_Prop1.prefab",
      "Name": "Decoration_Prop1",
      "Type": "prefab"
    },
    {
      "FileName": "D:\\DatasetTesi\\DataSet\\antura\\Assets\\_games\\ColorTickle\\Prefab\\LLPrefab_ColorTickle.prefab",
      "Name": "LLPrefab_ColorTickle",
      "Type": "prefab"
    },
    {
      "FileName": "D:\\DatasetTesi\\DataSet\\antura\\Assets\\_games\\Tobogan\\Prefabs\\PipesAnswerController.prefab",
      "Name": "PipesAnswerController",
      "Type": "prefab"
    },
    {
      "FileName": "D:\\DatasetTesi\\DataSet\\antura\\Assets\\_manage\\preview_Actors\\preview_Antura.unity",
      "Name": "preview_Antura",
      "Type": "unity"
    },
    {
      "FileName": "D:\\DatasetTesi\\DataSet\\antura\\Assets\\Resources\\Prefabs\\AnturaSpace\\Decorations\\Decoration_House1.prefab",
      "Name": "Decoration_House1",
      "Type": "prefab"
    },
    {
      "FileName": "D:\\DatasetTesi\\DataSet\\antura\\Assets\\Resources\\Prefabs\\AnturaSpace\\Decorations\\Decoration_Carpet2.prefab",
      "Name": "Decoration_Carpet2",
      "Type": "prefab"
    },
    {
      "FileName": "D:\\DatasetTesi\\DataSet\\antura\\Assets\\_games\\Maze\\Prefabs\\CharacterPrefab.prefab",
      "Name": "CharacterPrefab",
      "Type": "prefab"
    },
    {
      "FileName": "D:\\DatasetTesi\\DataSet\\antura\\Assets\\_tests\\ShadersTests\\ShadersTests.unity",
      "Name": "ShadersTests",
      "Type": "unity"
    },
    {
      "FileName": "D:\\DatasetTesi\\DataSet\\antura\\Assets\\_games\\HideAndSeek\\game_HideAndSeek.unity",
      "Name": "game_HideAndSeek",
      "Type": "unity"
    },
    {
      "FileName": "D:\\DatasetTesi\\DataSet\\antura\\Assets\\_manage\\preview_Actors\\_notreadyyet\\EmoticonsStageScene.unity",
      "Name": "EmoticonsStageScene",
      "Type": "unity"
    },
    {
      "FileName": "D:\\DatasetTesi\\DataSet\\antura\\Assets\\_core\\Models\\Map\\Prefabs\\tree_house.prefab",
      "Name": "tree_house",
      "Type": "prefab"
    },
    {
      "FileName": "D:\\DatasetTesi\\DataSet\\antura\\Assets\\_core\\_scenes\\app_Rewards.unity",
      "Name": "app_Rewards",
      "Type": "unity"
    },
    {
      "FileName": "D:\\DatasetTesi\\DataSet\\antura\\Assets\\_games\\Scanner\\game_Scanner.unity",
      "Name": "game_Scanner",
      "Type": "unity"
    },
    {
      "FileName": "D:\\DatasetTesi\\DataSet\\antura\\Assets\\Resources\\Prefabs\\Map\\Environment_map1.prefab",
      "Name": "Environment_map1",
      "Type": "prefab"
    },
    {
      "FileName": "D:\\DatasetTesi\\DataSet\\antura\\Assets\\_manage\\preview_UI\\preview_GlobalUI.unity",
      "Name": "preview_GlobalUI",
      "Type": "unity"
    },
    {
      "FileName": "D:\\DatasetTesi\\DataSet\\antura\\Assets\\_manage\\preview_Actors\\preview_Emoticons.unity",
      "Name": "preview_Emoticons",
      "Type": "unity"
    },
    {
      "FileName": "D:\\DatasetTesi\\DataSet\\antura\\Assets\\Resources\\Prefabs\\Map\\Environment_map2.prefab",
      "Name": "Environment_map2",
      "Type": "prefab"
    },
    {
      "FileName": "D:\\DatasetTesi\\DataSet\\antura\\Assets\\_games\\MakeFriends\\game_MakeFriends.unity",
      "Name": "game_MakeFriends",
      "Type": "unity"
    },
    {
      "FileName": "D:\\DatasetTesi\\DataSet\\antura\\Assets\\_games\\Tobogan\\game_Tobogan.unity",
      "Name": "game_Tobogan",
      "Type": "unity"
    },
    {
      "FileName": "D:\\DatasetTesi\\DataSet\\antura\\Assets\\_games\\Egg\\game_Egg.unity",
      "Name": "game_Egg",
      "Type": "unity"
    },
    {
      "FileName": "D:\\DatasetTesi\\DataSet\\antura\\Assets\\Resources\\Prefabs\\AnturaSpace\\Decorations\\Decoration_Tree2.prefab",
      "Name": "Decoration_Tree2",
      "Type": "prefab"
    },
    {
      "FileName": "D:\\DatasetTesi\\DataSet\\antura\\Assets\\_games\\SickLetters\\Prefabs\\Environment_1.prefab",
      "Name": "Environment_1",
      "Type": "prefab"
    },
    {
      "FileName": "D:\\DatasetTesi\\DataSet\\antura\\Assets\\_games\\Egg\\Prefabs\\EggController.prefab",
      "Name": "EggController",
      "Type": "prefab"
    },
    {
      "FileName": "D:\\DatasetTesi\\DataSet\\antura\\Assets\\_games\\ThrowBalls\\game_ThrowBalls.unity",
      "Name": "game_ThrowBalls",
      "Type": "unity"
    },
    {
      "FileName": "D:\\DatasetTesi\\DataSet\\antura\\Assets\\_games\\ColorTickle\\game_ColorTickle.unity",
      "Name": "game_ColorTickle",
      "Type": "unity"
    },
    {
      "FileName": "D:\\DatasetTesi\\DataSet\\antura\\Assets\\Resources\\Prefabs\\AnturaSpace\\Decorations\\Decoration_House2.prefab",
      "Name": "Decoration_House2",
      "Type": "prefab"
    },
    {
      "FileName": "D:\\DatasetTesi\\DataSet\\antura\\Assets\\Resources\\Prefabs\\AnturaSpace\\Decorations\\Decoration_Prop4.prefab",
      "Name": "Decoration_Prop4",
      "Type": "prefab"
    },
    {
      "FileName": "D:\\DatasetTesi\\DataSet\\antura\\Assets\\_games\\MixedLetters\\game_MixedLetters.unity",
      "Name": "game_MixedLetters",
      "Type": "unity"
    },
    {
      "FileName": "D:\\DatasetTesi\\DataSet\\antura\\Assets\\_games\\Scanner\\Prefabs\\SuitCase.prefab",
      "Name": "SuitCase",
      "Type": "prefab"
    },
    {
      "FileName": "D:\\DatasetTesi\\DataSet\\antura\\Assets\\Resources\\Prefabs\\AnturaSpace\\Decorations\\Decoration_Prop3.prefab",
      "Name": "Decoration_Prop3",
      "Type": "prefab"
    },
    {
      "FileName": "D:\\DatasetTesi\\DataSet\\anyrpgcore\\Assets\\AnyRPG\\Core\\Content\\Models\\Prop\\MedievalCraftingStations\\Prefab\\medieval_cooking_cauldron.prefab",
      "Name": "medieval_cooking_cauldron",
      "Type": "prefab"
    },
    {
      "FileName": "D:\\DatasetTesi\\DataSet\\anyrpgcore\\Assets\\AnyRPG\\Core\\Content\\Models\\Construction\\MedievalBuildings\\Prefab\\WoodGate.prefab",
      "Name": "WoodGate",
      "Type": "prefab"
    },
    {
      "FileName": "D:\\DatasetTesi\\DataSet\\anyrpgcore\\Assets\\AnyRPG\\Core\\Content\\Models\\Construction\\MedievalBuildings\\Prefab\\WoodHouseOpenWindows.prefab",
      "Name": "WoodHouseOpenWindows",
      "Type": "prefab"
    },
    {
      "FileName": "D:\\DatasetTesi\\DataSet\\anyrpgcore\\Assets\\AnyRPG\\Core\\Content\\Models\\Prop\\MedievalProps\\Prefab\\bed_wood.prefab",
      "Name": "bed_wood",
      "Type": "prefab"
    },
    {
      "FileName": "D:\\DatasetTesi\\DataSet\\anyrpgcore\\Assets\\AnyRPG\\Core\\Content\\Models\\Prop\\MedievalProps\\Prefab\\cart.prefab",
      "Name": "cart",
      "Type": "prefab"
    },
    {
      "FileName": "D:\\DatasetTesi\\DataSet\\anyrpgcore\\Assets\\AnyRPG\\Core\\Content\\Models\\Prop\\Crystals\\prefab\\rock_3.prefab",
      "Name": "rock_3",
      "Type": "prefab"
    },
    {
      "FileName": "D:\\DatasetTesi\\DataSet\\anyrpgcore\\Assets\\AnyRPG\\Core\\Content\\Models\\Construction\\MedievalBuildings\\Prefab\\watchtower_wood.prefab",
      "Name": "watchtower_wood",
      "Type": "prefab"
    },
    {
      "FileName": "D:\\DatasetTesi\\DataSet\\anyrpgcore\\Assets\\AnyRPG\\Core\\Content\\Models\\Construction\\MedievalBuildings\\Prefab\\canopy_cloth2.prefab",
      "Name": "canopy_cloth2",
      "Type": "prefab"
    },
    {
      "FileName": "D:\\DatasetTesi\\DataSet\\anyrpgcore\\Assets\\AnyRPG\\Core\\Content\\Models\\Construction\\MedievalBuildings\\Prefab\\canopy_cloth3.prefab",
      "Name": "canopy_cloth3",
      "Type": "prefab"
    },
    {
      "FileName": "D:\\DatasetTesi\\DataSet\\anyrpgcore\\Assets\\AnyRPG\\Core\\Games\\EmptyGame\\Scenes\\EmptyGame\\EmptyGame.unity",
      "Name": "EmptyGame",
      "Type": "unity"
    },
    {
      "FileName": "D:\\DatasetTesi\\DataSet\\anyrpgcore\\Assets\\AnyRPG\\Core\\Content\\Models\\Prop\\Crystals\\prefab\\rock_2.prefab",
      "Name": "rock_2",
      "Type": "prefab"
    },
    {
      "FileName": "D:\\DatasetTesi\\DataSet\\anyrpgcore\\Assets\\AnyRPG\\Core\\Content\\Models\\Construction\\MedievalBuildings\\Prefab\\canopy_wood.prefab",
      "Name": "canopy_wood",
      "Type": "prefab"
    },
    {
      "FileName": "D:\\DatasetTesi\\DataSet\\anyrpgcore\\Assets\\AnyRPG\\Core\\Templates\\Game\\Scenes\\FirstScene\\FirstScene.unity",
      "Name": "FirstScene",
      "Type": "unity"
    },
    {
      "FileName": "D:\\DatasetTesi\\DataSet\\anyrpgcore\\Assets\\AnyRPG\\Core\\Content\\Models\\Construction\\MedievalBuildings\\Prefab\\WoodFence.prefab",
      "Name": "WoodFence",
      "Type": "prefab"
    },
    {
      "FileName": "D:\\DatasetTesi\\DataSet\\anyrpgcore\\Assets\\AnyRPG\\Core\\Games\\MovementTestGame\\Scenes\\Content\\MovementTestZone\\MovementTestZone.unity",
      "Name": "MovementTestZone",
      "Type": "unity"
    },
    {
      "FileName": "D:\\DatasetTesi\\DataSet\\anyrpgcore\\Assets\\AnyRPG\\Core\\Content\\Models\\Construction\\MedievalBuildings\\Prefab\\soul_shrine.prefab",
      "Name": "soul_shrine",
      "Type": "prefab"
    },
    {
      "FileName": "D:\\DatasetTesi\\DataSet\\anyrpgcore\\Assets\\AnyRPG\\Core\\Games\\FeaturesDemoGame\\Scenes\\Content\\FeaturesDemoCutsceneZone\\FeaturesDemoCutsceneZone.unity",
      "Name": "FeaturesDemoCutsceneZone",
      "Type": "unity"
    },
    {
      "FileName": "D:\\DatasetTesi\\DataSet\\anyrpgcore\\Assets\\AnyRPG\\Core\\Templates\\Prefabs\\Portal\\StonePortal.prefab",
      "Name": "StonePortal",
      "Type": "prefab"
    },
    {
      "FileName": "D:\\DatasetTesi\\DataSet\\anyrpgcore\\Assets\\AnyRPG\\Core\\Content\\Models\\Prop\\Crystals\\prefab\\rock_1.prefab",
      "Name": "rock_1",
      "Type": "prefab"
    },
    {
      "FileName": "D:\\DatasetTesi\\DataSet\\anyrpgcore\\Assets\\AnyRPG\\Core\\Content\\Models\\Construction\\MedievalBuildings\\Prefab\\canopy_cloth.prefab",
      "Name": "canopy_cloth",
      "Type": "prefab"
    },
    {
      "FileName": "D:\\DatasetTesi\\DataSet\\anyrpgcore\\Assets\\AnyRPG\\Core\\Content\\Models\\Prop\\Crystals\\prefab\\rock_4.prefab",
      "Name": "rock_4",
      "Type": "prefab"
    },
    {
      "FileName": "D:\\DatasetTesi\\DataSet\\anyrpgcore\\Assets\\AnyRPG\\Core\\Content\\Models\\Prop\\MedievalTavern\\Prefab\\table_wood_round.prefab",
      "Name": "table_wood_round",
      "Type": "prefab"
    },
    {
      "FileName": "D:\\DatasetTesi\\DataSet\\anyrpgcore\\Assets\\AnyRPG\\Core\\DemoScenes\\ParticleEffects\\CoreParticleEffects.unity",
      "Name": "CoreParticleEffects",
      "Type": "unity"
    },
    {
      "FileName": "D:\\DatasetTesi\\DataSet\\anyrpgcore\\Assets\\AnyRPG\\Core\\Content\\Models\\Construction\\MedievalBuildings\\Prefab\\WoodHouse2OpenWindows.prefab",
      "Name": "WoodHouse2OpenWindows",
      "Type": "prefab"
    },
    {
      "FileName": "D:\\DatasetTesi\\DataSet\\battleofmages\\Assets\\Scenes\\Maps\\Test.unity",
      "Name": "Test",
      "Type": "unity"
    },
    {
      "FileName": "D:\\DatasetTesi\\DataSet\\battleofmages\\Assets\\Scenes\\Maps\\Arena.unity",
      "Name": "Arena",
      "Type": "unity"
    },
    {
      "FileName": "D:\\DatasetTesi\\DataSet\\card-game-simulator\\Assets\\Mirror\\Examples\\AdditiveLevels\\Scenes\\Online.unity",
      "Name": "Online",
      "Type": "unity"
    },
    {
      "FileName": "D:\\DatasetTesi\\DataSet\\card-game-simulator\\Assets\\Mirror\\Examples\\AdditiveLevels\\Prefabs\\Plane.prefab",
      "Name": "Plane",
      "Type": "prefab"
    },
    {
      "FileName": "D:\\DatasetTesi\\DataSet\\card-game-simulator\\Assets\\Mirror\\Examples\\AdditiveScenes\\Scenes\\MainScene.unity",
      "Name": "MainScene",
      "Type": "unity"
    },
    {
      "FileName": "D:\\DatasetTesi\\DataSet\\card-game-simulator\\Assets\\Mirror\\Examples\\Tanks\\Scenes\\Scene.unity",
      "Name": "Scene",
      "Type": "unity"
    },
    {
      "FileName": "D:\\DatasetTesi\\DataSet\\card-game-simulator\\Assets\\Mirror\\Examples\\MultipleAdditiveScenes\\Prefabs\\Icosphere.prefab",
      "Name": "Icosphere",
      "Type": "prefab"
    },
    {
      "FileName": "D:\\DatasetTesi\\DataSet\\card-game-simulator\\Assets\\Mirror\\Examples\\AdditiveScenes\\Prefabs\\Tank.prefab",
      "Name": "Tank",
      "Type": "prefab"
    },
    {
      "FileName": "D:\\DatasetTesi\\DataSet\\card-game-simulator\\Assets\\Mirror\\Examples\\RigidbodyPhysics\\Scenes\\BounceScene.unity",
      "Name": "BounceScene",
      "Type": "unity"
    },
    {
      "FileName": "D:\\DatasetTesi\\DataSet\\card-game-simulator\\Assets\\Mirror\\Examples\\MultipleAdditiveScenes\\Scenes\\Game.unity",
      "Name": "Game",
      "Type": "unity"
    },
    {
      "FileName": "D:\\DatasetTesi\\DataSet\\card-game-simulator\\Assets\\Mirror\\Examples\\Room\\Scenes\\OnlineScene.unity",
      "Name": "OnlineScene",
      "Type": "unity"
    },
    {
      "FileName": "D:\\DatasetTesi\\DataSet\\com.unity.multiplayer.samples.coop\\Assets\\Prefabs\\Dungeon\\Entrance.prefab",
      "Name": "Entrance",
      "Type": "prefab"
    },
    {
      "FileName": "D:\\DatasetTesi\\DataSet\\com.unity.multiplayer.samples.coop\\Assets\\Prefabs\\Dungeon\\Dungeon Pieces\\GroundPlane.prefab",
      "Name": "GroundPlane",
      "Type": "prefab"
    },
    {
      "FileName": "D:\\DatasetTesi\\DataSet\\cosmosframework\\Assets\\Examples\\ExampleScripts\\20_AOI\\AOITilePrefab.prefab",
      "Name": "AOITilePrefab",
      "Type": "prefab"
    },
    {
      "FileName": "D:\\DatasetTesi\\DataSet\\cosmosframework\\Assets\\Examples\\ExampleScripts\\19_SquareGrid\\SquareTilePrefab\\SquareTilePrefab.prefab",
      "Name": "SquareTilePrefab",
      "Type": "prefab"
    },
    {
      "FileName": "D:\\DatasetTesi\\DataSet\\cosmosframework\\Assets\\Examples\\ExampleScripts\\14_AStarPathfinding\\TilePrefabs\\TileHighlight.prefab",
      "Name": "TileHighlight",
      "Type": "prefab"
    },
    {
      "FileName": "D:\\DatasetTesi\\DataSet\\cosmosframework\\Assets\\Examples\\Common\\UnitSquare\\UnitSquare.prefab",
      "Name": "UnitSquare",
      "Type": "prefab"
    },
    {
      "FileName": "D:\\DatasetTesi\\DataSet\\cosmosframework\\Assets\\Examples\\ExampleScripts\\14_AStarPathfinding\\TilePrefabs\\TileDefault.prefab",
      "Name": "TileDefault",
      "Type": "prefab"
    },
    {
      "FileName": "D:\\DatasetTesi\\DataSet\\cuboidaldrift\\Assets\\Scenes\\Levels\\Level7.unity",
      "Name": "Level7",
      "Type": "unity"
    },
    {
      "FileName": "D:\\DatasetTesi\\DataSet\\cuboidaldrift\\Assets\\Scenes\\Levels\\Level3.unity",
      "Name": "Level3",
      "Type": "unity"
    },
    {
      "FileName": "D:\\DatasetTesi\\DataSet\\cuboidaldrift\\Assets\\Scenes\\Levels\\Level2.unity",
      "Name": "Level2",
      "Type": "unity"
    },
    {
      "FileName": "D:\\DatasetTesi\\DataSet\\cuboidaldrift\\Assets\\Scenes\\Levels\\Level14.unity",
      "Name": "Level14",
      "Type": "unity"
    },
    {
      "FileName": "D:\\DatasetTesi\\DataSet\\cuboidaldrift\\Assets\\Prefabs\\Platforms\\TurnLeftPlatformThin.prefab",
      "Name": "TurnLeftPlatformThin",
      "Type": "prefab"
    },
    {
      "FileName": "D:\\DatasetTesi\\DataSet\\cuboidaldrift\\Assets\\Prefabs\\Platforms\\TurnRightPlatform.prefab",
      "Name": "TurnRightPlatform",
      "Type": "prefab"
    },
    {
      "FileName": "D:\\DatasetTesi\\DataSet\\cuboidaldrift\\Assets\\Scenes\\Levels\\MoreLevelsComingSoon.unity",
      "Name": "MoreLevelsComingSoon",
      "Type": "unity"
    },
    {
      "FileName": "D:\\DatasetTesi\\DataSet\\cuboidaldrift\\Assets\\BOXOPHOBIC\\Skybox Cubemap Extended\\Demo\\Demo Day.unity",
      "Name": "Demo Day",
      "Type": "unity"
    },
    {
      "FileName": "D:\\DatasetTesi\\DataSet\\cuboidaldrift\\Assets\\Scenes\\Levels\\Level6.unity",
      "Name": "Level6",
      "Type": "unity"
    },
    {
      "FileName": "D:\\DatasetTesi\\DataSet\\cuboidaldrift\\Assets\\Scenes\\Levels\\Level16.unity",
      "Name": "Level16",
      "Type": "unity"
    },
    {
      "FileName": "D:\\DatasetTesi\\DataSet\\cuboidaldrift\\Assets\\Scenes\\Levels\\Level5.unity",
      "Name": "Level5",
      "Type": "unity"
    },
    {
      "FileName": "D:\\DatasetTesi\\DataSet\\cuboidaldrift\\Assets\\Scenes\\Levels\\Level10.unity",
      "Name": "Level10",
      "Type": "unity"
    },
    {
      "FileName": "D:\\DatasetTesi\\DataSet\\cuboidaldrift\\Assets\\Scenes\\Levels\\Level13.unity",
      "Name": "Level13",
      "Type": "unity"
    },
    {
      "FileName": "D:\\DatasetTesi\\DataSet\\cuboidaldrift\\Assets\\Scenes\\Levels\\Level1.unity",
      "Name": "Level1",
      "Type": "unity"
    },
    {
      "FileName": "D:\\DatasetTesi\\DataSet\\cuboidaldrift\\Assets\\Scenes\\Levels\\Level9.unity",
      "Name": "Level9",
      "Type": "unity"
    },
    {
      "FileName": "D:\\DatasetTesi\\DataSet\\cuboidaldrift\\Assets\\Scenes\\Levels\\PreviewScene.unity",
      "Name": "PreviewScene",
      "Type": "unity"
    },
    {
      "FileName": "D:\\DatasetTesi\\DataSet\\cuboidaldrift\\Assets\\Prefabs\\Platforms\\BoostGround.prefab",
      "Name": "BoostGround",
      "Type": "prefab"
    },
    {
      "FileName": "D:\\DatasetTesi\\DataSet\\cuboidaldrift\\Assets\\Prefabs\\Platforms\\TurnLeftPlatform.prefab",
      "Name": "TurnLeftPlatform",
      "Type": "prefab"
    },
    {
      "FileName": "D:\\DatasetTesi\\DataSet\\cuboidaldrift\\Assets\\BOXOPHOBIC\\Skybox Cubemap Extended\\Demo\\Demo Night.unity",
      "Name": "Demo Night",
      "Type": "unity"
    },
    {
      "FileName": "D:\\DatasetTesi\\DataSet\\cuboidaldrift\\Assets\\BOXOPHOBIC\\Skybox Cubemap Extended\\Demo\\Demo Blend.unity",
      "Name": "Demo Blend",
      "Type": "unity"
    },
    {
      "FileName": "D:\\DatasetTesi\\DataSet\\cuboidaldrift\\Assets\\Scenes\\Levels\\Level8.unity",
      "Name": "Level8",
      "Type": "unity"
    },
    {
      "FileName": "D:\\DatasetTesi\\DataSet\\cuboidaldrift\\Assets\\Scenes\\Levels\\Level12.unity",
      "Name": "Level12",
      "Type": "unity"
    },
    {
      "FileName": "D:\\DatasetTesi\\DataSet\\cuboidaldrift\\Assets\\Scenes\\Levels\\Level11.unity",
      "Name": "Level11",
      "Type": "unity"
    },
    {
      "FileName": "D:\\DatasetTesi\\DataSet\\cuboidaldrift\\Assets\\Scenes\\Levels\\Level4.unity",
      "Name": "Level4",
      "Type": "unity"
    },
    {
      "FileName": "D:\\DatasetTesi\\DataSet\\cuboidaldrift\\Assets\\Scenes\\Levels\\Level15.unity",
      "Name": "Level15",
      "Type": "unity"
    },
    {
      "FileName": "D:\\DatasetTesi\\DataSet\\cytoid\\Assets\\Packages\\Lean\\Common\\Examples\\Prefabs\\Grid.prefab",
      "Name": "Grid",
      "Type": "prefab"
    },
    {
      "FileName": "D:\\DatasetTesi\\DataSet\\cytoid\\Assets\\Packages\\Lean\\Touch\\Examples\\Select3DTransformRelative.unity",
      "Name": "Select3DTransformRelative",
      "Type": "unity"
    },
    {
      "FileName": "D:\\DatasetTesi\\DataSet\\darkest-dungeon-unity\\Assets\\Photon Unity Networking\\Demos\\DemoHub\\DemoHub-Scene.unity",
      "Name": "DemoHub-Scene",
      "Type": "unity"
    },
    {
      "FileName": "D:\\DatasetTesi\\DataSet\\darkest-dungeon-unity\\Assets\\Photon Unity Networking\\Demos\\DemoMecanim\\DemoMecanim-Scene.unity",
      "Name": "DemoMecanim-Scene",
      "Type": "unity"
    },
    {
      "FileName": "D:\\DatasetTesi\\DataSet\\darkest-dungeon-unity\\Assets\\Photon Unity Networking\\Demos\\DemoPickup\\DemoPickup-Scene.unity",
      "Name": "DemoPickup-Scene",
      "Type": "unity"
    },
    {
      "FileName": "D:\\DatasetTesi\\DataSet\\darkest-dungeon-unity\\Assets\\Photon Unity Networking\\Demos\\DemoBoxes\\DemoBoxes-Scene.unity",
      "Name": "DemoBoxes-Scene",
      "Type": "unity"
    },
    {
      "FileName": "D:\\DatasetTesi\\DataSet\\darkest-dungeon-unity\\Assets\\Photon Unity Networking\\Demos\\MarcoPolo-Tutorial\\MarcoPolo-Scene.unity",
      "Name": "MarcoPolo-Scene",
      "Type": "unity"
    },
    {
      "FileName": "D:\\DatasetTesi\\DataSet\\darkest-dungeon-unity\\Assets\\Photon Unity Networking\\Demos\\Shared Assets\\Prefabs\\Level.prefab",
      "Name": "Level",
      "Type": "prefab"
    },
    {
      "FileName": "D:\\DatasetTesi\\DataSet\\darkest-dungeon-unity\\Assets\\Photon Unity Networking\\Demos\\DemoWorker\\DemoWorkerGame-Scene.unity",
      "Name": "DemoWorkerGame-Scene",
      "Type": "unity"
    },
    {
      "FileName": "D:\\DatasetTesi\\DataSet\\darkest-dungeon-unity\\Assets\\Photon Unity Networking\\Demos\\DemoSynchronization\\DemoSynchronization-Scene.unity",
      "Name": "DemoSynchronization-Scene",
      "Type": "unity"
    },
    {
      "FileName": "D:\\DatasetTesi\\DataSet\\darkest-dungeon-unity\\Assets\\Photon Unity Networking\\Demos\\DemoChangeOwner\\DemoChangeOwner-Scene.unity",
      "Name": "DemoChangeOwner-Scene",
      "Type": "unity"
    },
    {
      "FileName": "D:\\DatasetTesi\\DataSet\\ecs-iaus-sytstem\\Assets\\Scenes\\setting.prefab",
      "Name": "setting",
      "Type": "prefab"
    },
    {
      "FileName": "D:\\DatasetTesi\\DataSet\\ecs-iaus-sytstem\\Assets\\Scenes\\Obolete Scenes\\ECS IAUS.unity",
      "Name": "ECS IAUS",
      "Type": "unity"
    },
    {
      "FileName": "D:\\DatasetTesi\\DataSet\\egameplay\\Assets\\ExplosiveLLC\\SuperCharacterController\\Scenes\\TestZone.unity",
      "Name": "TestZone",
      "Type": "unity"
    },
    {
      "FileName": "D:\\DatasetTesi\\DataSet\\egameplay\\Assets\\ExplosiveLLC\\Demo Elements\\Prefabs\\Stage\\Tree-Stump.prefab",
      "Name": "Tree-Stump",
      "Type": "prefab"
    },
    {
      "FileName": "D:\\DatasetTesi\\DataSet\\egameplay\\Assets\\EGPsExamples\\RTSExample\\RTSExample Scene.unity",
      "Name": "RTSExample Scene",
      "Type": "unity"
    },
    {
      "FileName": "D:\\DatasetTesi\\DataSet\\egameplay\\Assets\\EGPsExamples\\RpgExample\\RpgExample Scene.unity",
      "Name": "RpgExample Scene",
      "Type": "unity"
    },
    {
      "FileName": "D:\\DatasetTesi\\DataSet\\egameplay\\Assets\\EGPsExamples\\TimelineScene\\TimelineScene.unity",
      "Name": "TimelineScene",
      "Type": "unity"
    },
    {
      "FileName": "D:\\DatasetTesi\\DataSet\\egameplay\\Assets\\unity-chan!\\Unity-chan! Model\\Scenes\\SecondaryAnimation.unity",
      "Name": "SecondaryAnimation",
      "Type": "unity"
    },
    {
      "FileName": "D:\\DatasetTesi\\DataSet\\egameplay\\Assets\\EGPsExamples\\TurnBaseExample\\TurnBaseExample Scene.unity",
      "Name": "TurnBaseExample Scene",
      "Type": "unity"
    },
    {
      "FileName": "D:\\DatasetTesi\\DataSet\\egameplay\\Assets\\EGPsExamples\\RpgExample\\Assets\\Projector\\Projector.unity",
      "Name": "Projector",
      "Type": "unity"
    },
    {
      "FileName": "D:\\DatasetTesi\\DataSet\\egameplay\\Assets\\unity-chan!\\Unity-chan! Model\\Scenes\\ActionCheck.unity",
      "Name": "ActionCheck",
      "Type": "unity"
    },
    {
      "FileName": "D:\\DatasetTesi\\DataSet\\egameplay\\Assets\\unity-chan!\\Unity-chan! Model\\Scenes\\Locomotion.unity",
      "Name": "Locomotion",
      "Type": "unity"
    },
    {
      "FileName": "D:\\DatasetTesi\\DataSet\\egameplay\\Assets\\ExplosiveLLC\\Demo Elements\\Prefabs\\Stage\\Level.prefab",
      "Name": "Level",
      "Type": "prefab"
    },
    {
      "FileName": "D:\\DatasetTesi\\DataSet\\egameplay\\Assets\\unity-chan!\\Unity-chan! Model\\Scenes\\ARPoseTest.unity",
      "Name": "ARPoseTest",
      "Type": "unity"
    },
    {
      "FileName": "D:\\DatasetTesi\\DataSet\\egameplay\\Assets\\ExplosiveLLC\\SuperCharacterController\\Scenes\\SpaceZone.unity",
      "Name": "SpaceZone",
      "Type": "unity"
    },
    {
      "FileName": "D:\\DatasetTesi\\DataSet\\fanren\\Assets\\3DScene\\Model\\Common\\Rock\\Ruins\\Ruin2_9D.prefab",
      "Name": "Ruin2_9D",
      "Type": "prefab"
    },
    {
      "FileName": "D:\\DatasetTesi\\DataSet\\fanren\\Assets\\3DScene\\Model\\Common\\Rock\\Ruins\\Ruin2_6.prefab",
      "Name": "Ruin2_6",
      "Type": "prefab"
    },
    {
      "FileName": "D:\\DatasetTesi\\DataSet\\fanren\\Assets\\ExplosiveLLC\\Demo Elements\\Prefabs\\Stage\\Tree-Stump.prefab",
      "Name": "Tree-Stump",
      "Type": "prefab"
    },
    {
      "FileName": "D:\\DatasetTesi\\DataSet\\fanren\\Assets\\3DScene\\Model\\Common\\Rock\\Ruins\\Ruin2_9Obelisk1.prefab",
      "Name": "Ruin2_9Obelisk1",
      "Type": "prefab"
    },
    {
      "FileName": "D:\\DatasetTesi\\DataSet\\fanren\\Assets\\3DScene\\Model\\Common\\Rock\\Ruins\\Ruin2_9E.prefab",
      "Name": "Ruin2_9E",
      "Type": "prefab"
    },
    {
      "FileName": "D:\\DatasetTesi\\DataSet\\fanren\\Assets\\3DScene\\TileWorldCreator\\Ground.prefab",
      "Name": "Ground",
      "Type": "prefab"
    },
    {
      "FileName": "D:\\DatasetTesi\\DataSet\\fanren\\Assets\\3DScene\\Model\\Common\\Rock\\Ruins\\Ruin2_4.prefab",
      "Name": "Ruin2_4",
      "Type": "prefab"
    },
    {
      "FileName": "D:\\DatasetTesi\\DataSet\\fanren\\Assets\\3DScene\\Model\\Common\\Ground\\Water\\YWML2\\stream.prefab",
      "Name": "stream",
      "Type": "prefab"
    },
    {
      "FileName": "D:\\DatasetTesi\\DataSet\\fanren\\Assets\\3DScene\\Model\\Common\\Rock\\Ruins\\Ancient_Stones6.prefab",
      "Name": "Ancient_Stones6",
      "Type": "prefab"
    },
    {
      "FileName": "D:\\DatasetTesi\\DataSet\\fanren\\Assets\\3DScene\\Model\\Common\\Rock\\Ruins\\Ruin2_5.prefab",
      "Name": "Ruin2_5",
      "Type": "prefab"
    },
    {
      "FileName": "D:\\DatasetTesi\\DataSet\\fanren\\Assets\\3DScene\\Model\\Common\\Rock\\Ruins\\Ruin2_9C.prefab",
      "Name": "Ruin2_9C",
      "Type": "prefab"
    },
    {
      "FileName": "D:\\DatasetTesi\\DataSet\\fanren\\Assets\\3DScene\\Model\\Common\\Ground\\terrain\\Prefab\\1\\Terrain_06.prefab",
      "Name": "Terrain_06",
      "Type": "prefab"
    },
    {
      "FileName": "D:\\DatasetTesi\\DataSet\\fanren\\Assets\\DOTween Examples\\Example Assets\\Prefabs\\Environment.prefab",
      "Name": "Environment",
      "Type": "prefab"
    },
    {
      "FileName": "D:\\DatasetTesi\\DataSet\\fanren\\Assets\\3DScene\\Model\\Common\\Rock\\Ruins\\Ruin2_9F.prefab",
      "Name": "Ruin2_9F",
      "Type": "prefab"
    },
    {
      "FileName": "D:\\DatasetTesi\\DataSet\\fanren\\Assets\\3DScene\\Model\\Common\\Rock\\Ruins\\Ruin3_1B.prefab",
      "Name": "Ruin3_1B",
      "Type": "prefab"
    },
    {
      "FileName": "D:\\DatasetTesi\\DataSet\\fanren\\Assets\\3DScene\\Model\\Common\\Rock\\Ruins\\Ancient_Stones4.prefab",
      "Name": "Ancient_Stones4",
      "Type": "prefab"
    },
    {
      "FileName": "D:\\DatasetTesi\\DataSet\\fanren\\Assets\\3DScene\\Model\\Common\\Rock\\Ruins\\Ruin3_1C.prefab",
      "Name": "Ruin3_1C",
      "Type": "prefab"
    },
    {
      "FileName": "D:\\DatasetTesi\\DataSet\\fanren\\Assets\\3DScene\\Model\\Common\\Rock\\Ruins\\Ruin2_9Obelisk3.prefab",
      "Name": "Ruin2_9Obelisk3",
      "Type": "prefab"
    },
    {
      "FileName": "D:\\DatasetTesi\\DataSet\\fanren\\Assets\\3DScene\\Model\\Common\\Rock\\Ruins\\Ruin2_9A.prefab",
      "Name": "Ruin2_9A",
      "Type": "prefab"
    },
    {
      "FileName": "D:\\DatasetTesi\\DataSet\\fanren\\Assets\\3DScene\\Model\\Common\\Rock\\Ruins\\Ruin2_2.prefab",
      "Name": "Ruin2_2",
      "Type": "prefab"
    },
    {
      "FileName": "D:\\DatasetTesi\\DataSet\\fanren\\Assets\\3DScene\\Model\\Common\\Rock\\Ruins\\Ruin3_1A.prefab",
      "Name": "Ruin3_1A",
      "Type": "prefab"
    },
    {
      "FileName": "D:\\DatasetTesi\\DataSet\\fanren\\Assets\\3DScene\\Model\\Common\\Rock\\Ruins\\Ancient_Stones1.prefab",
      "Name": "Ancient_Stones1",
      "Type": "prefab"
    },
    {
      "FileName": "D:\\DatasetTesi\\DataSet\\fanren\\Assets\\3DScene\\Model\\Common\\Rock\\Ruins\\Ancient_Stones3.prefab",
      "Name": "Ancient_Stones3",
      "Type": "prefab"
    },
    {
      "FileName": "D:\\DatasetTesi\\DataSet\\fanren\\Assets\\3DScene\\Model\\Common\\Rock\\Ruins\\Ruin2_9B.prefab",
      "Name": "Ruin2_9B",
      "Type": "prefab"
    },
    {
      "FileName": "D:\\DatasetTesi\\DataSet\\fanren\\Assets\\3DScene\\Model\\Common\\Rock\\Ruins\\Ruin2_3.prefab",
      "Name": "Ruin2_3",
      "Type": "prefab"
    },
    {
      "FileName": "D:\\DatasetTesi\\DataSet\\fanren\\Assets\\3DScene\\Model\\Common\\Rock\\Ruins\\Ancient_Stones5.prefab",
      "Name": "Ancient_Stones5",
      "Type": "prefab"
    },
    {
      "FileName": "D:\\DatasetTesi\\DataSet\\fanren\\Assets\\3DScene\\Model\\Common\\Rock\\Ruins\\Ruin2_9Obelisk2.prefab",
      "Name": "Ruin2_9Obelisk2",
      "Type": "prefab"
    },
    {
      "FileName": "D:\\DatasetTesi\\DataSet\\fanren\\Assets\\3DScene\\Model\\Common\\Rock\\Ruins\\Ancient_Stones2.prefab",
      "Name": "Ancient_Stones2",
      "Type": "prefab"
    },
    {
      "FileName": "D:\\DatasetTesi\\DataSet\\fanren\\Assets\\3DScene\\Model\\Common\\Rock\\Mountain\\HugeRock_01_LOD.prefab",
      "Name": "HugeRock_01_LOD",
      "Type": "prefab"
    },
    {
      "FileName": "D:\\DatasetTesi\\DataSet\\fanren\\Assets\\3DScene\\Model\\Common\\Rock\\Mountain\\Platform_01.prefab",
      "Name": "Platform_01",
      "Type": "prefab"
    },
    {
      "FileName": "D:\\DatasetTesi\\DataSet\\fanren\\Assets\\3DScene\\Model\\Common\\BuildingParts\\Langan_Zhuzi\\Langan\\Langan_05_2.prefab",
      "Name": "Langan_05_2",
      "Type": "prefab"
    },
    {
      "FileName": "D:\\DatasetTesi\\DataSet\\fanren\\Assets\\3DScene\\Model\\Common\\Rock\\Ruins\\Ruin2_1.prefab",
      "Name": "Ruin2_1",
      "Type": "prefab"
    },
    {
      "FileName": "D:\\DatasetTesi\\DataSet1\\gold-player\\Assets\\Hertzole\\Gold Player\\WebGL Example\\Stage Prefabs\\2x2x4 Ramp.prefab",
      "Name": "2x2x4 Ramp",
      "Type": "prefab"
    },
    {
      "FileName": "D:\\DatasetTesi\\DataSet1\\gold-player\\Assets\\Hertzole\\Gold Player\\WebGL Example\\Stage Prefabs\\Wall Straight Top.prefab",
      "Name": "Wall Straight Top",
      "Type": "prefab"
    },
    {
      "FileName": "D:\\DatasetTesi\\DataSet1\\gold-player\\Assets\\Hertzole\\Gold Player\\Examples\\Interaction\\Interaction.unity",
      "Name": "Interaction",
      "Type": "unity"
    },
    {
      "FileName": "D:\\DatasetTesi\\DataSet1\\gold-player\\Assets\\Hertzole\\Gold Player\\WebGL Example\\Stage Prefabs\\Tunnel Cross.prefab",
      "Name": "Tunnel Cross",
      "Type": "prefab"
    },
    {
      "FileName": "D:\\DatasetTesi\\DataSet1\\gold-player\\Assets\\Hertzole\\Gold Player\\WebGL Example\\Stage Prefabs\\Wall Corner.prefab",
      "Name": "Wall Corner",
      "Type": "prefab"
    },
    {
      "FileName": "D:\\DatasetTesi\\DataSet1\\gold-player\\Assets\\Hertzole\\Gold Player\\WebGL Example\\Stage Prefabs\\Tunnel T Junction.prefab",
      "Name": "Tunnel T Junction",
      "Type": "prefab"
    },
    {
      "FileName": "D:\\DatasetTesi\\DataSet1\\gold-player\\Assets\\Hertzole\\Gold Player\\WebGL Example\\ProBuilder\\ProBuilder Models.unity",
      "Name": "ProBuilder Models",
      "Type": "unity"
    },
    {
      "FileName": "D:\\DatasetTesi\\DataSet1\\gold-player\\Assets\\Hertzole\\Gold Player\\WebGL Example\\ProBuilder\\ProBuilder Area.unity",
      "Name": "ProBuilder Area",
      "Type": "unity"
    },
    {
      "FileName": "D:\\DatasetTesi\\DataSet1\\gold-player\\Assets\\Hertzole\\Gold Player\\WebGL Example\\Stage Prefabs\\Tunnel.prefab",
      "Name": "Tunnel",
      "Type": "prefab"
    },
    {
      "FileName": "D:\\DatasetTesi\\DataSet1\\gold-player\\Assets\\Hertzole\\Gold Player\\Examples\\Animator\\Animator.unity",
      "Name": "Animator",
      "Type": "unity"
    },
    {
      "FileName": "D:\\DatasetTesi\\DataSet1\\gold-player\\Assets\\Hertzole\\Gold Player\\WebGL Example\\Gold Player Tests\\UI & Interaction.unity",
      "Name": "UI & Interaction",
      "Type": "unity"
    },
    {
      "FileName": "D:\\DatasetTesi\\DataSet1\\gold-player\\Assets\\Hertzole\\Gold Player\\WebGL Example\\Stage Prefabs\\Wall Corner Top.prefab",
      "Name": "Wall Corner Top",
      "Type": "prefab"
    },
    {
      "FileName": "D:\\DatasetTesi\\DataSet1\\gold-player\\Assets\\Hertzole\\Gold Player\\WebGL Example\\Stage Prefabs\\Tunnel Corner.prefab",
      "Name": "Tunnel Corner",
      "Type": "prefab"
    },
    {
      "FileName": "D:\\DatasetTesi\\DataSet1\\hogwarts\\Assets\\Scripts\\Externals\\Highlighting System\\HighlightingSystemDemo\\Scenes\\Transparency.unity",
      "Name": "Transparency",
      "Type": "unity"
    },
    {
      "FileName": "D:\\DatasetTesi\\DataSet1\\hogwarts\\Assets\\Scripts\\Externals\\Highlighting System\\HighlightingSystemDemo\\Scenes\\Compound.unity",
      "Name": "Compound",
      "Type": "unity"
    },
    {
      "FileName": "D:\\DatasetTesi\\DataSet1\\hogwarts\\Assets\\Standard Assets\\Effects\\TessellationShaders\\Scenes\\TessellationSample.unity",
      "Name": "TessellationSample",
      "Type": "unity"
    },
    {
      "FileName": "D:\\DatasetTesi\\DataSet1\\hogwarts\\Assets\\Scripts\\Externals\\Highlighting System\\HighlightingSystemDemo\\Scenes\\Scripting.unity",
      "Name": "Scripting",
      "Type": "unity"
    },
    {
      "FileName": "D:\\DatasetTesi\\DataSet1\\hogwarts\\Assets\\Scripts\\Externals\\Highlighting System\\HighlightingSystemDemo\\Scenes\\Colors.unity",
      "Name": "Colors",
      "Type": "unity"
    },
    {
      "FileName": "D:\\DatasetTesi\\DataSet1\\hogwarts\\Assets\\Scripts\\Externals\\Highlighting System\\HighlightingSystemDemo\\Scenes\\OccluderModes.unity",
      "Name": "OccluderModes",
      "Type": "unity"
    },
    {
      "FileName": "D:\\DatasetTesi\\DataSet1\\hogwarts\\Assets\\Scripts\\Externals\\Highlighting System\\HighlightingSystemDemo\\Scenes\\Occlusion.unity",
      "Name": "Occlusion",
      "Type": "unity"
    },
    {
      "FileName": "D:\\DatasetTesi\\DataSet1\\hogwarts\\Assets\\Scripts\\Externals\\Highlighting System\\HighlightingSystemDemo\\Scenes\\Welcome.unity",
      "Name": "Welcome",
      "Type": "unity"
    },
    {
      "FileName": "D:\\DatasetTesi\\DataSet1\\impossibleodds-toolkit\\Assets\\Impossible Odds\\Toolkit\\Samples\\DependencyInjection\\TestDependencyInjection.unity",
      "Name": "TestDependencyInjection",
      "Type": "unity"
    },
    {
      "FileName": "D:\\DatasetTesi\\DataSet1\\inputsystem\\Assets\\QA\\Tests\\EditMode\\EditModeTest.unity",
      "Name": "EditModeTest",
      "Type": "unity"
    },
    {
      "FileName": "D:\\DatasetTesi\\DataSet1\\inputsystem\\ExternalSampleProjects\\TouchSamples\\Assets\\Demo\\Prefabs\\Rolling\\Level.prefab",
      "Name": "Level",
      "Type": "prefab"
    },
    {
      "FileName": "D:\\DatasetTesi\\DataSet1\\inputsystem\\ExternalSampleProjects\\TouchSamples\\Assets\\Demo\\Scenes\\Rolling.unity",
      "Name": "Rolling",
      "Type": "unity"
    },
    {
      "FileName": "D:\\DatasetTesi\\DataSet1\\inputsystem\\Assets\\Samples\\SimpleDemo\\Environment.prefab",
      "Name": "Environment",
      "Type": "prefab"
    },
    {
      "FileName": "D:\\DatasetTesi\\DataSet1\\inputsystem\\Assets\\Samples\\InGameHints\\InGameHintsSampleScene.unity",
      "Name": "InGameHintsSampleScene",
      "Type": "unity"
    },
    {
      "FileName": "D:\\DatasetTesi\\DataSet1\\inputsystem\\Assets\\Samples\\SimpleMultiplayer\\SimpleMultiplayerDemo.unity",
      "Name": "SimpleMultiplayerDemo",
      "Type": "unity"
    },
    {
      "FileName": "D:\\DatasetTesi\\DataSet1\\inputsystem\\Assets\\Samples\\UIvsGameInput\\UIvsGameInput.unity",
      "Name": "UIvsGameInput",
      "Type": "unity"
    },
    {
      "FileName": "D:\\DatasetTesi\\DataSet1\\jackframe\\Assets\\com.jackwithtea.anymotion\\Sample\\AnymotionSample.unity",
      "Name": "AnymotionSample",
      "Type": "unity"
    },
    {
      "FileName": "D:\\DatasetTesi\\DataSet1\\jcsunity\\Assets\\_Project\\Scenes\\System\\FT_Test.unity",
      "Name": "FT_Test",
      "Type": "unity"
    },
    {
      "FileName": "D:\\DatasetTesi\\DataSet1\\lsss-wip\\Assets\\Scenes\\Title and Menu.unity",
      "Name": "Title and Menu",
      "Type": "unity"
    },
    {
      "FileName": "D:\\DatasetTesi\\DataSet1\\mapboxargame\\Assets\\Mapbox\\Examples\\8_VoxelMap\\Prefabs\\Voxels\\Bricks.prefab",
      "Name": "Bricks",
      "Type": "prefab"
    },
    {
      "FileName": "D:\\DatasetTesi\\DataSet1\\mapboxargame\\Assets\\Office Supplies Low Poly\\Assets\\Prefabs\\Stapler black.prefab",
      "Name": "Stapler black",
      "Type": "prefab"
    },
    {
      "FileName": "D:\\DatasetTesi\\DataSet1\\mapboxargame\\Assets\\Mapbox\\Examples\\8_VoxelMap\\Prefabs\\Voxels\\Snow.prefab",
      "Name": "Snow",
      "Type": "prefab"
    },
    {
      "FileName": "D:\\DatasetTesi\\DataSet1\\mapboxargame\\Assets\\UnityARInterface\\Examples\\Common\\Prefabs\\shadowPlanePrefab.prefab",
      "Name": "shadowPlanePrefab",
      "Type": "prefab"
    },
    {
      "FileName": "D:\\DatasetTesi\\DataSet1\\mapboxargame\\Assets\\Mapbox\\Examples\\8_VoxelMap\\Prefabs\\Voxels\\Water.prefab",
      "Name": "Water",
      "Type": "prefab"
    },
    {
      "FileName": "D:\\DatasetTesi\\DataSet1\\mapboxargame\\Assets\\Mapbox\\Examples\\5_Playground\\Scenes\\LocationProvider.unity",
      "Name": "LocationProvider",
      "Type": "unity"
    },
    {
      "FileName": "D:\\DatasetTesi\\DataSet1\\mapboxargame\\Assets\\Mapbox\\Examples\\8_VoxelMap\\Prefabs\\Voxels\\Sand.prefab",
      "Name": "Sand",
      "Type": "prefab"
    },
    {
      "FileName": "D:\\DatasetTesi\\DataSet1\\mapboxargame\\Assets\\Mapbox\\Examples\\2_AstronautGame\\AstronautGame.unity",
      "Name": "AstronautGame",
      "Type": "unity"
    },
    {
      "FileName": "D:\\DatasetTesi\\DataSet1\\mapboxargame\\Assets\\UnityARInterface\\Examples\\Common\\Prefabs\\debugPlanePrefab.prefab",
      "Name": "debugPlanePrefab",
      "Type": "prefab"
    },
    {
      "FileName": "D:\\DatasetTesi\\DataSet1\\mapboxargame\\Assets\\MapboxAR\\Prefabs\\WorldAlignmentKit.prefab",
      "Name": "WorldAlignmentKit",
      "Type": "prefab"
    },
    {
      "FileName": "D:\\DatasetTesi\\DataSet1\\mapboxargame\\Assets\\Office Supplies Low Poly\\Assets\\Prefabs\\Calculator 1.prefab",
      "Name": "Calculator 1",
      "Type": "prefab"
    },
    {
      "FileName": "D:\\DatasetTesi\\DataSet1\\mapboxargame\\Assets\\Mapbox\\Examples\\1_DataExplorer\\TrafficAndDirections.unity",
      "Name": "TrafficAndDirections",
      "Type": "unity"
    },
    {
      "FileName": "D:\\DatasetTesi\\DataSet1\\mapboxargame\\Assets\\UnityARKitPlugin\\Examples\\Common\\Prefabs\\shadowPlanePrefab.prefab",
      "Name": "shadowPlanePrefab",
      "Type": "prefab"
    },
    {
      "FileName": "D:\\DatasetTesi\\DataSet1\\mapboxargame\\Assets\\Mapbox\\Examples\\8_VoxelMap\\Prefabs\\Voxels\\Bush.prefab",
      "Name": "Bush",
      "Type": "prefab"
    },
    {
      "FileName": "D:\\DatasetTesi\\DataSet1\\mapboxargame\\Assets\\UnityARInterface\\Prefabs\\Level geometry.prefab",
      "Name": "Level geometry",
      "Type": "prefab"
    },
    {
      "FileName": "D:\\DatasetTesi\\DataSet1\\mapboxargame\\Assets\\UnityARInterface\\Examples\\Common\\Prefabs\\collisionPlanePrefab.prefab",
      "Name": "collisionPlanePrefab",
      "Type": "prefab"
    },
    {
      "FileName": "D:\\DatasetTesi\\DataSet1\\mapboxargame\\Assets\\UnityARInterface\\Examples\\Common\\Prefabs\\occlusionPlanePrefab.prefab",
      "Name": "occlusionPlanePrefab",
      "Type": "prefab"
    },
    {
      "FileName": "D:\\DatasetTesi\\DataSet1\\mapboxargame\\Assets\\UnityARKitPlugin\\Examples\\Common\\Prefabs\\collisionPlanePrefab.prefab",
      "Name": "collisionPlanePrefab",
      "Type": "prefab"
    },
    {
      "FileName": "D:\\DatasetTesi\\DataSet1\\mapboxargame\\Assets\\Mapbox\\Examples\\8_VoxelMap\\Prefabs\\Voxels\\Ground.prefab",
      "Name": "Ground",
      "Type": "prefab"
    },
    {
      "FileName": "D:\\DatasetTesi\\DataSet1\\mapboxargame\\Assets\\Mapbox\\Examples\\Resources\\Pin.prefab",
      "Name": "Pin",
      "Type": "prefab"
    },
    {
      "FileName": "D:\\DatasetTesi\\DataSet1\\mapboxargame\\Assets\\UnityARKitPlugin\\Examples\\Common\\Prefabs\\occlusionPlanePrefab.prefab",
      "Name": "occlusionPlanePrefab",
      "Type": "prefab"
    },
    {
      "FileName": "D:\\DatasetTesi\\DataSet1\\mapboxargame\\Assets\\Mapbox\\Examples\\8_VoxelMap\\Prefabs\\Voxels\\Stone.prefab",
      "Name": "Stone",
      "Type": "prefab"
    },
    {
      "FileName": "D:\\DatasetTesi\\DataSet1\\mapboxargame\\Assets\\Mapbox\\Examples\\8_VoxelMap\\Prefabs\\Voxels\\Grass.prefab",
      "Name": "Grass",
      "Type": "prefab"
    },
    {
      "FileName": "D:\\DatasetTesi\\DataSet1\\mapboxargame\\Assets\\FJU\\Map\\map_prefab\\DeviceOrientation.prefab",
      "Name": "DeviceOrientation",
      "Type": "prefab"
    },
    {
      "FileName": "D:\\DatasetTesi\\DataSet1\\mapboxargame\\Assets\\UnityARKitPlugin\\Examples\\Common\\Prefabs\\debugPlanePrefab.prefab",
      "Name": "debugPlanePrefab",
      "Type": "prefab"
    },
    {
      "FileName": "D:\\DatasetTesi\\DataSet1\\mirage\\Assets\\Mirage\\Samples~\\InterestManagement\\Scenes\\Scene.unity",
      "Name": "Scene",
      "Type": "unity"
    },
    {
      "FileName": "D:\\DatasetTesi\\DataSet1\\mirage\\Assets\\Mirage\\Samples~\\AdditiveScenes\\Scenes\\MainScene.unity",
      "Name": "MainScene",
      "Type": "unity"
    },
    {
      "FileName": "D:\\DatasetTesi\\DataSet1\\mirage\\Assets\\Mirage\\Samples~\\Tanks\\Scenes\\Scene.unity",
      "Name": "Scene",
      "Type": "unity"
    },
    {
      "FileName": "D:\\DatasetTesi\\DataSet1\\mirage\\Assets\\Mirage\\Samples~\\MultipleAdditiveScenes\\Prefabs\\Icosphere.prefab",
      "Name": "Icosphere",
      "Type": "prefab"
    },
    {
      "FileName": "D:\\DatasetTesi\\DataSet1\\mirage\\Assets\\Mirage\\Samples~\\AdditiveScenes\\Prefabs\\Tank.prefab",
      "Name": "Tank",
      "Type": "prefab"
    },
    {
      "FileName": "D:\\DatasetTesi\\DataSet1\\mirage\\Assets\\Mirage\\Samples~\\RigidbodyPhysics\\Scenes\\BounceScene.unity",
      "Name": "BounceScene",
      "Type": "unity"
    },
    {
      "FileName": "D:\\DatasetTesi\\DataSet1\\mirage\\Assets\\Mirage\\Samples~\\MultipleAdditiveScenes\\Scenes\\Game.unity",
      "Name": "Game",
      "Type": "unity"
    },
    {
      "FileName": "D:\\DatasetTesi\\DataSet1\\mirror\\Assets\\Mirror\\Examples\\AdditiveLevels\\Prefabs\\Plane.prefab",
      "Name": "Plane",
      "Type": "prefab"
    },
    {
      "FileName": "D:\\DatasetTesi\\DataSet1\\mirror\\Assets\\Mirror\\Examples\\AdditiveScenes\\Scenes\\MainScene.unity",
      "Name": "MainScene",
      "Type": "unity"
    },
    {
      "FileName": "D:\\DatasetTesi\\DataSet1\\mirror\\Assets\\Mirror\\Examples\\Tanks\\Scenes\\Scene.unity",
      "Name": "Scene",
      "Type": "unity"
    },
    {
      "FileName": "D:\\DatasetTesi\\DataSet1\\mirror\\Assets\\Mirror\\Examples\\MultipleAdditiveScenes\\Prefabs\\Icosphere.prefab",
      "Name": "Icosphere",
      "Type": "prefab"
    },
    {
      "FileName": "D:\\DatasetTesi\\DataSet1\\mirror\\Assets\\Mirror\\Examples\\AdditiveScenes\\Prefabs\\Tank.prefab",
      "Name": "Tank",
      "Type": "prefab"
    },
    {
      "FileName": "D:\\DatasetTesi\\DataSet1\\mirror\\Assets\\Mirror\\Examples\\RigidbodyPhysics\\Scenes\\BounceScene.unity",
      "Name": "BounceScene",
      "Type": "unity"
    },
    {
      "FileName": "D:\\DatasetTesi\\DataSet1\\mirror\\Assets\\Mirror\\Examples\\MultipleAdditiveScenes\\Scenes\\Game.unity",
      "Name": "Game",
      "Type": "unity"
    },
    {
      "FileName": "D:\\DatasetTesi\\DataSet1\\mirror\\Assets\\Mirror\\Examples\\Room\\Scenes\\OnlineScene.unity",
      "Name": "OnlineScene",
      "Type": "unity"
    },
    {
      "FileName": "D:\\DatasetTesi\\DataSet1\\multiplayer-fps\\Assets\\Standard Assets\\Prototyping\\Prefabs\\JoinMidPrototype04x06x01.prefab",
      "Name": "JoinMidPrototype04x06x01",
      "Type": "prefab"
    },
    {
      "FileName": "D:\\DatasetTesi\\DataSet1\\multiplayer-fps\\Assets\\Standard Assets\\Effects\\TessellationShaders\\Scenes\\TessellationSample.unity",
      "Name": "TessellationSample",
      "Type": "unity"
    },
    {
      "FileName": "D:\\DatasetTesi\\DataSet1\\multiplayer-fps\\Assets\\Standard Assets\\Prototyping\\Prefabs\\RampPrototype04x02x02.prefab",
      "Name": "RampPrototype04x02x02",
      "Type": "prefab"
    },
    {
      "FileName": "D:\\DatasetTesi\\DataSet1\\multiplayer-fps\\Assets\\Standard Assets\\Prototyping\\Prefabs\\HousePrototype16x16x24.prefab",
      "Name": "HousePrototype16x16x24",
      "Type": "prefab"
    },
    {
      "FileName": "D:\\DatasetTesi\\DataSet1\\multiplayer-fps\\Assets\\Standard Assets\\Prototyping\\Prefabs\\JoinInnerPrototype01x06x01.prefab",
      "Name": "JoinInnerPrototype01x06x01",
      "Type": "prefab"
    },
    {
      "FileName": "D:\\DatasetTesi\\DataSet1\\multiplayer-fps\\Assets\\Standard Assets\\Prototyping\\Prefabs\\JoinOuterPrototype02x06x02.prefab",
      "Name": "JoinOuterPrototype02x06x02",
      "Type": "prefab"
    },
    {
      "FileName": "D:\\DatasetTesi\\DataSet1\\multiplayer-fps\\Assets\\Standard Assets\\Prototyping\\Prefabs\\PickupPrototype.prefab",
      "Name": "PickupPrototype",
      "Type": "prefab"
    },
    {
      "FileName": "D:\\DatasetTesi\\DataSet1\\multiplayer-fps\\Assets\\Standard Assets\\Prototyping\\Prefabs\\StepsPrototype04x02x02.prefab",
      "Name": "StepsPrototype04x02x02",
      "Type": "prefab"
    },
    {
      "FileName": "D:\\DatasetTesi\\DataSet1\\openkcc\\Assets\\Prefabs\\Environment\\Rotating Cylinder.prefab",
      "Name": "Rotating Cylinder",
      "Type": "prefab"
    },
    {
      "FileName": "D:\\DatasetTesi\\DataSet1\\openkcc\\Assets\\Samples\\SimplifiedDemoKCC\\SimplifiedScene.unity",
      "Name": "SimplifiedScene",
      "Type": "unity"
    },
    {
      "FileName": "D:\\DatasetTesi\\DataSet1\\openkcc\\Assets\\Prefabs\\Environment\\Rotating Platform.prefab",
      "Name": "Rotating Platform",
      "Type": "prefab"
    },
    {
      "FileName": "D:\\DatasetTesi\\DataSet1\\openkcc\\Assets\\Samples\\ExampleFirstPersonKCC\\Scenes\\ExampleFirstPersonScene.unity",
      "Name": "ExampleFirstPersonScene",
      "Type": "unity"
    },
    {
      "FileName": "D:\\DatasetTesi\\DataSet1\\openkcc\\Assets\\Scenes\\SampleScene.unity",
      "Name": "SampleScene",
      "Type": "unity"
    },
    {
      "FileName": "D:\\DatasetTesi\\DataSet1\\peco\\Assets\\_Scenes\\TestScene.unity",
      "Name": "TestScene",
      "Type": "unity"
    },
    {
      "FileName": "D:\\DatasetTesi\\DataSet1\\peco\\Assets\\_Scenes\\AlphaSandbox.unity",
      "Name": "AlphaSandbox",
      "Type": "unity"
    },
    {
      "FileName": "D:\\DatasetTesi\\DataSet1\\phos\\Assets\\Scenes\\TestScene.unity",
      "Name": "TestScene",
      "Type": "unity"
    },
    {
      "FileName": "D:\\DatasetTesi\\DataSet1\\phos\\Assets\\Scenes\\MainMenu.unity",
      "Name": "MainMenu",
      "Type": "unity"
    },
    {
      "FileName": "D:\\DatasetTesi\\DataSet1\\project-404\\Assets\\Resources\\Prefabs\\Objects\\Bridge\\pref_BridgePiece.prefab",
      "Name": "pref_BridgePiece",
      "Type": "prefab"
    },
    {
      "FileName": "D:\\DatasetTesi\\DataSet1\\project-404\\Assets\\Resources\\Prefabs\\Objects\\Onions\\pref_Yellow_Onion.prefab",
      "Name": "pref_Yellow_Onion",
      "Type": "prefab"
    },
    {
      "FileName": "D:\\DatasetTesi\\DataSet1\\project-404\\Assets\\Resources\\Prefabs\\Objects\\Enemies\\pref_Pellet_Posy_1_Red.prefab",
      "Name": "pref_Pellet_Posy_1_Red",
      "Type": "prefab"
    },
    {
      "FileName": "D:\\DatasetTesi\\DataSet1\\project-404\\Assets\\Resources\\Prefabs\\Objects\\Enemies\\pref_BaldyLongLegs.prefab",
      "Name": "pref_BaldyLongLegs",
      "Type": "prefab"
    },
    {
      "FileName": "D:\\DatasetTesi\\DataSet1\\project-404\\Assets\\Scenes\\Test\\dev_test_scene_local_senka.unity",
      "Name": "dev_test_scene_local_senka",
      "Type": "unity"
    },
    {
      "FileName": "D:\\DatasetTesi\\DataSet1\\project-404\\Assets\\Scenes\\Test\\dev_test_scene_2.unity",
      "Name": "dev_test_scene_2",
      "Type": "unity"
    },
    {
      "FileName": "D:\\DatasetTesi\\DataSet1\\project-404\\Assets\\Resources\\Prefabs\\Objects\\Onions\\pref_Blue_Onion.prefab",
      "Name": "pref_Blue_Onion",
      "Type": "prefab"
    },
    {
      "FileName": "D:\\DatasetTesi\\DataSet1\\project-404\\Assets\\Resources\\Prefabs\\Hazards\\Water.prefab",
      "Name": "Water",
      "Type": "prefab"
    },
    {
      "FileName": "D:\\DatasetTesi\\DataSet1\\project-404\\Assets\\Resources\\Prefabs\\Objects\\Ship\\pref_Ceres.prefab",
      "Name": "pref_Ceres",
      "Type": "prefab"
    },
    {
      "FileName": "D:\\DatasetTesi\\DataSet1\\project-404\\Assets\\Resources\\Prefabs\\Objects\\Pellets\\pref_Pellet_10_Red.prefab",
      "Name": "pref_Pellet_10_Red",
      "Type": "prefab"
    },
    {
      "FileName": "D:\\DatasetTesi\\DataSet1\\project-404\\Assets\\Resources\\Prefabs\\Objects\\Enemies\\pref_PuffStool.prefab",
      "Name": "pref_PuffStool",
      "Type": "prefab"
    },
    {
      "FileName": "D:\\DatasetTesi\\DataSet1\\project-404\\Assets\\Scenes\\Test\\dev_test_scene_3.unity",
      "Name": "dev_test_scene_3",
      "Type": "unity"
    },
    {
      "FileName": "D:\\DatasetTesi\\DataSet1\\project-404\\Assets\\Resources\\Prefabs\\Objects\\Onions\\pref_Red_Onion.prefab",
      "Name": "pref_Red_Onion",
      "Type": "prefab"
    },
    {
      "FileName": "D:\\DatasetTesi\\DataSet1\\project-404\\Assets\\Resources\\Prefabs\\Objects\\Pellets\\pref_Pellet_1_Red.prefab",
      "Name": "pref_Pellet_1_Red",
      "Type": "prefab"
    },
    {
      "FileName": "D:\\DatasetTesi\\DataSet1\\project-404\\Assets\\Resources\\Prefabs\\Objects\\Bridge\\pref_BridgeEnd.prefab",
      "Name": "pref_BridgeEnd",
      "Type": "prefab"
    },
    {
      "FileName": "D:\\DatasetTesi\\DataSet1\\project-404\\Assets\\Resources\\Prefabs\\Objects\\Treasures\\pref_Cherry.prefab",
      "Name": "pref_Cherry",
      "Type": "prefab"
    },
    {
      "FileName": "D:\\DatasetTesi\\DataSet1\\project-404\\Assets\\Resources\\Prefabs\\Objects\\Pellets\\pref_Pellet_5_Red.prefab",
      "Name": "pref_Pellet_5_Red",
      "Type": "prefab"
    },
    {
      "FileName": "D:\\DatasetTesi\\DataSet1\\project-404\\Assets\\Resources\\Prefabs\\Objects\\Bridge\\pref_Bridge.prefab",
      "Name": "pref_Bridge",
      "Type": "prefab"
    },
    {
      "FileName": "D:\\DatasetTesi\\DataSet1\\project-404\\Assets\\Resources\\Prefabs\\Objects\\Enemies\\pref_RaggingLongLegs.prefab",
      "Name": "pref_RaggingLongLegs",
      "Type": "prefab"
    },
    {
      "FileName": "D:\\DatasetTesi\\DataSet1\\reeseunitydemos\\Assets\\Scenes\\Nav\\NavPointAndClickDemo.unity",
      "Name": "NavPointAndClickDemo",
      "Type": "unity"
    },
    {
      "FileName": "D:\\DatasetTesi\\DataSet1\\reeseunitydemos\\Assets\\Scenes\\Path\\PathDemo.unity",
      "Name": "PathDemo",
      "Type": "unity"
    },
    {
      "FileName": "D:\\DatasetTesi\\DataSet1\\reeseunitydemos\\Assets\\Scenes\\Nav\\NavFlockingDemo.unity",
      "Name": "NavFlockingDemo",
      "Type": "unity"
    },
    {
      "FileName": "D:\\DatasetTesi\\DataSet1\\reeseunitydemos\\Assets\\Scenes\\Nav\\NavMovingJumpDemo.unity",
      "Name": "NavMovingJumpDemo",
      "Type": "unity"
    },
    {
      "FileName": "D:\\DatasetTesi\\DataSet1\\reeseunitydemos\\Assets\\Scenes\\Stranded.unity",
      "Name": "Stranded",
      "Type": "unity"
    },
    {
      "FileName": "D:\\DatasetTesi\\DataSet1\\sanandreasunity\\Assets\\Scenes\\Demo.unity",
      "Name": "Demo",
      "Type": "unity"
    },
    {
      "FileName": "D:\\DatasetTesi\\DataSet1\\simulator\\Packages\\com.unity.render-pipelines.high-definition\\Editor\\SceneTemplates\\IndoorsDXR\\IndoorsDXRScene.unity",
      "Name": "IndoorsDXRScene",
      "Type": "unity"
    },
    {
      "FileName": "D:\\DatasetTesi\\DataSet1\\simulator\\Packages\\com.unity.render-pipelines.high-definition\\Editor\\SceneTemplates\\Indoors\\IndoorsScene.unity",
      "Name": "IndoorsScene",
      "Type": "unity"
    },
    {
      "FileName": "D:\\DatasetTesi\\DataSet1\\simulator\\Assets\\Prefabs\\Map\\MapStopSign.prefab",
      "Name": "MapStopSign",
      "Type": "prefab"
    },
    {
      "FileName": "D:\\DatasetTesi\\DataSet1\\snappable-meshes-pcg\\Assets\\Prefabs\\BenchmarkPieces\\Clover.prefab",
      "Name": "Clover",
      "Type": "prefab"
    },
    {
      "FileName": "D:\\DatasetTesi\\DataSet1\\snappable-meshes-pcg\\Assets\\Prefabs\\BenchmarkPieces\\Bunny.prefab",
      "Name": "Bunny",
      "Type": "prefab"
    },
    {
      "FileName": "D:\\DatasetTesi\\DataSet1\\snappable-meshes-pcg\\Assets\\Prefabs\\BenchmarkPieces\\Ramp.prefab",
      "Name": "Ramp",
      "Type": "prefab"
    },
    {
      "FileName": "D:\\DatasetTesi\\DataSet1\\snappable-meshes-pcg\\Assets\\Prefabs\\BenchmarkPieces\\Platform.prefab",
      "Name": "Platform",
      "Type": "prefab"
    },
    {
      "FileName": "D:\\DatasetTesi\\DataSet1\\ss3d\\Assets\\Content\\Items\\BeepsCola 5.prefab",
      "Name": "BeepsCola 5",
      "Type": "prefab"
    },
    {
      "FileName": "D:\\DatasetTesi\\DataSet1\\ss3d\\Assets\\Content\\Items\\BeepsCola 2.prefab",
      "Name": "BeepsCola 2",
      "Type": "prefab"
    },
    {
      "FileName": "D:\\DatasetTesi\\DataSet1\\ss3d\\Assets\\Content\\Items\\BeepsCola 6.prefab",
      "Name": "BeepsCola 6",
      "Type": "prefab"
    },
    {
      "FileName": "D:\\DatasetTesi\\DataSet1\\ss3d\\Assets\\Content\\Items\\BeepsCola.prefab",
      "Name": "BeepsCola",
      "Type": "prefab"
    },
    {
      "FileName": "D:\\DatasetTesi\\DataSet1\\ss3d\\Assets\\Content\\Items\\BeepsCola 3.prefab",
      "Name": "BeepsCola 3",
      "Type": "prefab"
    },
    {
      "FileName": "D:\\DatasetTesi\\DataSet1\\ss3d\\Assets\\Scenes\\Lobby.unity",
      "Name": "Lobby",
      "Type": "unity"
    },
    {
      "FileName": "D:\\DatasetTesi\\DataSet1\\ss3d\\Assets\\Content\\Items\\BeepsCola 4.prefab",
      "Name": "BeepsCola 4",
      "Type": "prefab"
    },
    {
      "FileName": "D:\\DatasetTesi\\DataSet1\\ss3d\\Assets\\Content\\Items\\BeepsCola 1.prefab",
      "Name": "BeepsCola 1",
      "Type": "prefab"
    },
    {
      "FileName": "D:\\DatasetTesi\\DataSet1\\thats-ridiculous\\Assets\\Prefabs\\Buildings.prefab",
      "Name": "Buildings",
      "Type": "prefab"
    },
    {
      "FileName": "D:\\DatasetTesi\\DataSet1\\toolnity\\Packages\\Toolnity - Autos\\Samples~\\Autos Test.unity",
      "Name": "Autos Test",
      "Type": "unity"
    },
    {
      "FileName": "D:\\DatasetTesi\\DataSet1\\toolnity\\Packages\\Toolnity - Storyboard Creator\\Samples~\\Storyboard Creator Test.unity",
      "Name": "Storyboard Creator Test",
      "Type": "unity"
    },
    {
      "FileName": "D:\\DatasetTesi\\DataSet1\\toolnity\\Packages\\Toolnity - Lighting Utils\\Samples~\\Lighting Utils Test.unity",
      "Name": "Lighting Utils Test",
      "Type": "unity"
    },
    {
      "FileName": "D:\\DatasetTesi\\DataSet1\\toolnity\\Packages\\Toolnity - Shortcuts\\Samples~\\Shortcuts Test.unity",
      "Name": "Shortcuts Test",
      "Type": "unity"
    },
    {
      "FileName": "D:\\DatasetTesi\\DataSet1\\towerdefense-gameframework-demo\\Assets\\GameMain\\Scenes\\Menu\\Menu.unity",
      "Name": "Menu",
      "Type": "unity"
    },
    {
      "FileName": "D:\\DatasetTesi\\DataSet1\\towerdefense-gameframework-demo\\Assets\\GameMain\\Scenes\\Level5\\Level5.unity",
      "Name": "Level5",
      "Type": "unity"
    },
    {
      "FileName": "D:\\DatasetTesi\\DataSet1\\towerdefense-gameframework-demo\\Assets\\GameMain\\Scenes\\Level2\\Level2.unity",
      "Name": "Level2",
      "Type": "unity"
    },
    {
      "FileName": "D:\\DatasetTesi\\DataSet1\\towerdefense-gameframework-demo\\Assets\\GameMain\\Scenes\\Level3\\Level3.unity",
      "Name": "Level3",
      "Type": "unity"
    },
    {
      "FileName": "D:\\DatasetTesi\\DataSet1\\towerdefense-gameframework-demo\\Assets\\GameMain\\Scenes\\Level4\\Level4.unity",
      "Name": "Level4",
      "Type": "unity"
    },
    {
      "FileName": "D:\\DatasetTesi\\DataSet1\\towerdefense-gameframework-demo\\Assets\\GameMain\\Scenes\\Level1\\Level1.unity",
      "Name": "Level1",
      "Type": "unity"
    },
    {
      "FileName": "D:\\DatasetTesi\\DataSet1\\unity-flightphysics\\Assets\\FlightPhysics\\Prefabs\\Environment\\Runways\\ip_runway_creator2\\Small_Runway_001.prefab",
      "Name": "Small_Runway_001",
      "Type": "prefab"
    },
    {
      "FileName": "D:\\DatasetTesi\\DataSet1\\unity-flightphysics\\Assets\\FlightPhysics\\Prefabs\\Environment\\Runways\\ip_runway_creator1\\Large_Runway_001.prefab",
      "Name": "Large_Runway_001",
      "Type": "prefab"
    },
    {
      "FileName": "D:\\DatasetTesi\\DataSet1\\unity-flightphysics\\Assets\\FlightPhysics\\Prefabs\\Environment\\Nature\\WaterPlane.prefab",
      "Name": "WaterPlane",
      "Type": "prefab"
    },
    {
      "FileName": "D:\\DatasetTesi\\DataSet1\\unity-flightphysics\\Assets\\FlightPhysics\\Scenes\\FlightPhysics_Aircraft_Mechanics.unity",
      "Name": "FlightPhysics_Aircraft_Mechanics",
      "Type": "unity"
    },
    {
      "FileName": "D:\\DatasetTesi\\DataSet1\\unity-flightphysics\\Assets\\FlightPhysics\\Scenes\\FlightPhysics_War_Mechanics.unity",
      "Name": "FlightPhysics_War_Mechanics",
      "Type": "unity"
    },
    {
      "FileName": "D:\\DatasetTesi\\DataSet1\\unitytutorials-rts\\Assets\\Scenes\\Maps\\Map1.unity",
      "Name": "Map1",
      "Type": "unity"
    },
    {
      "FileName": "D:\\DatasetTesi\\DataSet1\\unitytutorials-rts\\Assets\\Scenes\\Maps\\Map2.unity",
      "Name": "Map2",
      "Type": "unity"
    },
    {
      "FileName": "D:\\DatasetTesi\\DataSet1\\voxelfield\\Assets\\Scenes\\Old Map.unity",
      "Name": "Old Map",
      "Type": "unity"
    },
    {
      "FileName": "D:\\DatasetTesi\\DataSet1\\voxelfield\\Assets\\Resources\\Models\\Tree Variant.prefab",
      "Name": "Tree Variant",
      "Type": "prefab"
    },
    {
      "FileName": "D:\\DatasetTesi\\DataSet1\\voxelfield\\Assets\\Prefabs\\Chunk.prefab",
      "Name": "Chunk",
      "Type": "prefab"
    },
    {
      "FileName": "D:\\DatasetTesi\\DataSet1\\voxelfield\\Assets\\Scenes\\Map.unity",
      "Name": "Map",
      "Type": "unity"
    },
    {
      "FileName": "D:\\DatasetTesi\\DataSet1\\warkingdoms\\Assets\\3rdParty\\Bought\\Hovl Studio\\Auras pack\\Demo scene\\Demo scene.unity",
      "Name": "Demo scene",
      "Type": "unity"
    },
    {
      "FileName": "D:\\DatasetTesi\\DataSet1\\warkingdoms\\Assets\\3rdParty\\Bought\\DAX\\Low Poly Stylized Trees\\Demo\\Demo_Conifers_Hi.unity",
      "Name": "Demo_Conifers_Hi",
      "Type": "unity"
    },
    {
      "FileName": "D:\\DatasetTesi\\DataSet1\\warkingdoms\\Assets\\3rdParty\\Bought\\Bitgem\\Human_RTS_Pack\\Scenes\\Human RTS - Hand Painted.unity",
      "Name": "Human RTS - Hand Painted",
      "Type": "unity"
    },
    {
      "FileName": "D:\\DatasetTesi\\DataSet1\\warkingdoms\\Assets\\3rdParty\\Bought\\DAX\\Low Poly Stylized Trees\\Demo\\Demo_Conifers_Lo.unity",
      "Name": "Demo_Conifers_Lo",
      "Type": "unity"
    },
    {
      "FileName": "D:\\DatasetTesi\\DataSet1\\warkingdoms\\Assets\\3rdParty\\Free\\fantasySpider\\fantasySpider.unity",
      "Name": "fantasySpider",
      "Type": "unity"
    },
    {
      "FileName": "D:\\DatasetTesi\\DataSet1\\warkingdoms\\Assets\\3rdParty\\Free\\rift\\Summoners_Rift.prefab",
      "Name": "Summoners_Rift",
      "Type": "prefab"
    }
  ],
  "FILENAME": "Mesh_Collider_Smells.json"
}