{
  "Name": "Multiple animators for a single object",
  "Occurrency": 155,
  "Smells": [
    {
      "FilePath": "D:\\DatasetTesi\\DataSet\\antura\\Assets\\Resources\\Prefabs\\Map\\MapPinNew.prefab",
      "Name": "MapPinNew",
      "NumAnimator": 2
    },
    {
      "FilePath": "D:\\DatasetTesi\\DataSet\\antura\\Assets\\_games\\Balloons\\game_Balloons.unity",
      "Name": "game_Balloons",
      "NumAnimator": 4
    },
    {
      "FilePath": "D:\\DatasetTesi\\DataSet\\antura\\Assets\\_core\\_scenes\\app_Mood.unity",
      "Name": "app_Mood",
      "NumAnimator": 5
    },
    {
      "FilePath": "D:\\DatasetTesi\\DataSet\\antura\\Assets\\_games\\MakeFriends\\game_MakeFriends.unity",
      "Name": "game_MakeFriends",
      "NumAnimator": 5
    },
    {
      "FilePath": "D:\\DatasetTesi\\DataSet\\anyrpgcore\\Assets\\AnyRPG\\Core\\DemoScenes\\CorePrefabs\\CorePrefabs.unity",
      "Name": "CorePrefabs",
      "NumAnimator": 28
    },
    {
      "FilePath": "D:\\DatasetTesi\\DataSet\\battleofmages\\Assets\\Prefabs\\Player.prefab",
      "Name": "Player",
      "NumAnimator": 2
    },
    {
      "FilePath": "D:\\DatasetTesi\\DataSet\\cuboidaldrift\\Assets\\Scenes\\Levels\\Level7.unity",
      "Name": "Level7",
      "NumAnimator": 2
    },
    {
      "FilePath": "D:\\DatasetTesi\\DataSet\\cuboidaldrift\\Assets\\Scenes\\Levels\\Level16.unity",
      "Name": "Level16",
      "NumAnimator": 2
    },
    {
      "FilePath": "D:\\DatasetTesi\\DataSet\\cuboidaldrift\\Assets\\Scenes\\Levels\\Level5.unity",
      "Name": "Level5",
      "NumAnimator": 2
    },
    {
      "FilePath": "D:\\DatasetTesi\\DataSet\\cuboidaldrift\\Assets\\Scenes\\Levels\\Level10.unity",
      "Name": "Level10",
      "NumAnimator": 4
    },
    {
      "FilePath": "D:\\DatasetTesi\\DataSet\\cuboidaldrift\\Assets\\Scenes\\Levels\\Level13.unity",
      "Name": "Level13",
      "NumAnimator": 2
    },
    {
      "FilePath": "D:\\DatasetTesi\\DataSet\\cuboidaldrift\\Assets\\Scenes\\Levels\\Level9.unity",
      "Name": "Level9",
      "NumAnimator": 3
    },
    {
      "FilePath": "D:\\DatasetTesi\\DataSet\\cuboidaldrift\\Assets\\Prefabs\\Platforms\\BoostGround.prefab",
      "Name": "BoostGround",
      "NumAnimator": 3
    },
    {
      "FilePath": "D:\\DatasetTesi\\DataSet\\cuboidaldrift\\Assets\\Scenes\\Levels\\Level8.unity",
      "Name": "Level8",
      "NumAnimator": 2
    },
    {
      "FilePath": "D:\\DatasetTesi\\DataSet\\cuboidaldrift\\Assets\\Prefabs\\Platforms\\FloatingPlatform.prefab",
      "Name": "FloatingPlatform",
      "NumAnimator": 5
    },
    {
      "FilePath": "D:\\DatasetTesi\\DataSet\\cuboidaldrift\\Assets\\Scenes\\Levels\\Level11.unity",
      "Name": "Level11",
      "NumAnimator": 4
    },
    {
      "FilePath": "D:\\DatasetTesi\\DataSet\\cuboidaldrift\\Assets\\Prefabs\\Platforms\\WideFloatingPlatform.prefab",
      "Name": "WideFloatingPlatform",
      "NumAnimator": 5
    },
    {
      "FilePath": "D:\\DatasetTesi\\DataSet\\cytoid\\Assets\\Packages\\Coffee\\UIExtensions\\MirrorReflectionEffectForUGUI\\Demo\\MirrorReflectionEffectForUGUI_Demo.unity",
      "Name": "MirrorReflectionEffectForUGUI_Demo",
      "NumAnimator": 5
    },
    {
      "FilePath": "D:\\DatasetTesi\\DataSet\\cytoid\\Assets\\Scenes\\Game.unity",
      "Name": "Game",
      "NumAnimator": 4
    },
    {
      "FilePath": "D:\\DatasetTesi\\DataSet\\darkest-dungeon-unity\\Assets\\Resources\\Prefabs\\Monsters\\cauldron_full.prefab",
      "Name": "cauldron_full",
      "NumAnimator": 2
    },
    {
      "FilePath": "D:\\DatasetTesi\\DataSet\\darkest-dungeon-unity\\Assets\\Resources\\Prefabs\\Monsters\\octotank.prefab",
      "Name": "octotank",
      "NumAnimator": 2
    },
    {
      "FilePath": "D:\\DatasetTesi\\DataSet\\darkest-dungeon-unity\\Assets\\Resources\\Prefabs\\Monsters\\necromancer.prefab",
      "Name": "necromancer",
      "NumAnimator": 2
    },
    {
      "FilePath": "D:\\DatasetTesi\\DataSet\\darkest-dungeon-unity\\Assets\\Resources\\Prefabs\\Heroes\\bounty_hunter.prefab",
      "Name": "bounty_hunter",
      "NumAnimator": 2
    },
    {
      "FilePath": "D:\\DatasetTesi\\DataSet\\darkest-dungeon-unity\\Assets\\Resources\\Prefabs\\Monsters\\cultist_shrouded.prefab",
      "Name": "cultist_shrouded",
      "NumAnimator": 2
    },
    {
      "FilePath": "D:\\DatasetTesi\\DataSet\\darkest-dungeon-unity\\Assets\\Scenes\\EstateManagement.unity",
      "Name": "EstateManagement",
      "NumAnimator": 25
    },
    {
      "FilePath": "D:\\DatasetTesi\\DataSet\\darkest-dungeon-unity\\Assets\\Resources\\Prefabs\\Monsters\\collector.prefab",
      "Name": "collector",
      "NumAnimator": 2
    },
    {
      "FilePath": "D:\\DatasetTesi\\DataSet\\darkest-dungeon-unity\\Assets\\Resources\\Prefabs\\Monsters\\shambler_tentacle.prefab",
      "Name": "shambler_tentacle",
      "NumAnimator": 2
    },
    {
      "FilePath": "D:\\DatasetTesi\\DataSet\\darkest-dungeon-unity\\Assets\\Resources\\Prefabs\\Heroes\\antiquarian.prefab",
      "Name": "antiquarian",
      "NumAnimator": 2
    },
    {
      "FilePath": "D:\\DatasetTesi\\DataSet\\darkest-dungeon-unity\\Assets\\Resources\\Prefabs\\Monsters\\hag.prefab",
      "Name": "hag",
      "NumAnimator": 2
    },
    {
      "FilePath": "D:\\DatasetTesi\\DataSet\\darkest-dungeon-unity\\Assets\\Resources\\Prefabs\\Heroes\\arbalest.prefab",
      "Name": "arbalest",
      "NumAnimator": 2
    },
    {
      "FilePath": "D:\\DatasetTesi\\DataSet\\darkest-dungeon-unity\\Assets\\Resources\\Prefabs\\Monsters\\brigand_hunter.prefab",
      "Name": "brigand_hunter",
      "NumAnimator": 2
    },
    {
      "FilePath": "D:\\DatasetTesi\\DataSet\\darkest-dungeon-unity\\Assets\\Resources\\Prefabs\\Monsters\\templar_ranged.prefab",
      "Name": "templar_ranged",
      "NumAnimator": 2
    },
    {
      "FilePath": "D:\\DatasetTesi\\DataSet\\darkest-dungeon-unity\\Assets\\Resources\\Prefabs\\Monsters\\templar_melee.prefab",
      "Name": "templar_melee",
      "NumAnimator": 2
    },
    {
      "FilePath": "D:\\DatasetTesi\\DataSet\\darkest-dungeon-unity\\Assets\\Resources\\Prefabs\\Monsters\\drowned_anchored.prefab",
      "Name": "drowned_anchored",
      "NumAnimator": 2
    },
    {
      "FilePath": "D:\\DatasetTesi\\DataSet\\darkest-dungeon-unity\\Assets\\Resources\\Prefabs\\Heroes\\crusader.prefab",
      "Name": "crusader",
      "NumAnimator": 2
    },
    {
      "FilePath": "D:\\DatasetTesi\\DataSet\\darkest-dungeon-unity\\Assets\\Resources\\Prefabs\\Monsters\\cyst.prefab",
      "Name": "cyst",
      "NumAnimator": 2
    },
    {
      "FilePath": "D:\\DatasetTesi\\DataSet\\darkest-dungeon-unity\\Assets\\Resources\\Prefabs\\Monsters\\jellyfish.prefab",
      "Name": "jellyfish",
      "NumAnimator": 2
    },
    {
      "FilePath": "D:\\DatasetTesi\\DataSet\\darkest-dungeon-unity\\Assets\\Scenes\\Dungeon.unity",
      "Name": "Dungeon",
      "NumAnimator": 13
    },
    {
      "FilePath": "D:\\DatasetTesi\\DataSet\\darkest-dungeon-unity\\Assets\\Resources\\Prefabs\\Monsters\\crone.prefab",
      "Name": "crone",
      "NumAnimator": 2
    },
    {
      "FilePath": "D:\\DatasetTesi\\DataSet\\darkest-dungeon-unity\\Assets\\Resources\\Prefabs\\Monsters\\brigand_fuseman.prefab",
      "Name": "brigand_fuseman",
      "NumAnimator": 2
    },
    {
      "FilePath": "D:\\DatasetTesi\\DataSet\\darkest-dungeon-unity\\Assets\\Resources\\Prefabs\\Monsters\\brigand_barrel.prefab",
      "Name": "brigand_barrel",
      "NumAnimator": 2
    },
    {
      "FilePath": "D:\\DatasetTesi\\DataSet\\darkest-dungeon-unity\\Assets\\Resources\\Prefabs\\Monsters\\templar_melee_mb.prefab",
      "Name": "templar_melee_mb",
      "NumAnimator": 2
    },
    {
      "FilePath": "D:\\DatasetTesi\\DataSet\\darkest-dungeon-unity\\Assets\\Resources\\Prefabs\\Monsters\\pew_small.prefab",
      "Name": "pew_small",
      "NumAnimator": 2
    },
    {
      "FilePath": "D:\\DatasetTesi\\DataSet\\darkest-dungeon-unity\\Assets\\Resources\\Prefabs\\Monsters\\prophet.prefab",
      "Name": "prophet",
      "NumAnimator": 2
    },
    {
      "FilePath": "D:\\DatasetTesi\\DataSet\\darkest-dungeon-unity\\Assets\\Resources\\Prefabs\\Monsters\\formless_weak.prefab",
      "Name": "formless_weak",
      "NumAnimator": 2
    },
    {
      "FilePath": "D:\\DatasetTesi\\DataSet\\darkest-dungeon-unity\\Assets\\Resources\\Prefabs\\Monsters\\ghoul.prefab",
      "Name": "ghoul",
      "NumAnimator": 2
    },
    {
      "FilePath": "D:\\DatasetTesi\\DataSet\\darkest-dungeon-unity\\Assets\\Resources\\Prefabs\\Monsters\\shuffler.prefab",
      "Name": "shuffler",
      "NumAnimator": 2
    },
    {
      "FilePath": "D:\\DatasetTesi\\DataSet\\darkest-dungeon-unity\\Assets\\Resources\\Prefabs\\Monsters\\cultist_orgiastic.prefab",
      "Name": "cultist_orgiastic",
      "NumAnimator": 2
    },
    {
      "FilePath": "D:\\DatasetTesi\\DataSet\\darkest-dungeon-unity\\Assets\\Resources\\Prefabs\\Monsters\\formless_melee.prefab",
      "Name": "formless_melee",
      "NumAnimator": 2
    },
    {
      "FilePath": "D:\\DatasetTesi\\DataSet\\darkest-dungeon-unity\\Assets\\Resources\\Prefabs\\Monsters\\collector_protect.prefab",
      "Name": "collector_protect",
      "NumAnimator": 2
    },
    {
      "FilePath": "D:\\DatasetTesi\\DataSet\\darkest-dungeon-unity\\Assets\\Resources\\Prefabs\\Monsters\\brigand_cutthroat.prefab",
      "Name": "brigand_cutthroat",
      "NumAnimator": 2
    },
    {
      "FilePath": "D:\\DatasetTesi\\DataSet\\darkest-dungeon-unity\\Assets\\Resources\\Prefabs\\Monsters\\brigand_sapper.prefab",
      "Name": "brigand_sapper",
      "NumAnimator": 2
    },
    {
      "FilePath": "D:\\DatasetTesi\\DataSet\\darkest-dungeon-unity\\Assets\\Resources\\Prefabs\\Heroes\\man_at_arms.prefab",
      "Name": "man_at_arms",
      "NumAnimator": 2
    },
    {
      "FilePath": "D:\\DatasetTesi\\DataSet\\darkest-dungeon-unity\\Assets\\Prefabs\\UI\\Raid\\OverlaySlot.prefab",
      "Name": "OverlaySlot",
      "NumAnimator": 3
    },
    {
      "FilePath": "D:\\DatasetTesi\\DataSet\\darkest-dungeon-unity\\Assets\\Resources\\Prefabs\\Monsters\\templar_ranged_mb.prefab",
      "Name": "templar_ranged_mb",
      "NumAnimator": 2
    },
    {
      "FilePath": "D:\\DatasetTesi\\DataSet\\darkest-dungeon-unity\\Assets\\Resources\\Prefabs\\Monsters\\bloated_corpse.prefab",
      "Name": "bloated_corpse",
      "NumAnimator": 2
    },
    {
      "FilePath": "D:\\DatasetTesi\\DataSet\\darkest-dungeon-unity\\Assets\\Resources\\Prefabs\\Heroes\\leper.prefab",
      "Name": "leper",
      "NumAnimator": 2
    },
    {
      "FilePath": "D:\\DatasetTesi\\DataSet\\darkest-dungeon-unity\\Assets\\Resources\\Prefabs\\Monsters\\carrion_eater.prefab",
      "Name": "carrion_eater",
      "NumAnimator": 2
    },
    {
      "FilePath": "D:\\DatasetTesi\\DataSet\\darkest-dungeon-unity\\Assets\\Resources\\Prefabs\\Monsters\\ancestor_flawed.prefab",
      "Name": "ancestor_flawed",
      "NumAnimator": 2
    },
    {
      "FilePath": "D:\\DatasetTesi\\DataSet\\darkest-dungeon-unity\\Assets\\Resources\\Prefabs\\Monsters\\skeleton_captain.prefab",
      "Name": "skeleton_captain",
      "NumAnimator": 2
    },
    {
      "FilePath": "D:\\DatasetTesi\\DataSet\\darkest-dungeon-unity\\Assets\\Resources\\Prefabs\\Monsters\\skeleton_defender.prefab",
      "Name": "skeleton_defender",
      "NumAnimator": 2
    },
    {
      "FilePath": "D:\\DatasetTesi\\DataSet\\darkest-dungeon-unity\\Assets\\Resources\\Prefabs\\Monsters\\fishman_shaman.prefab",
      "Name": "fishman_shaman",
      "NumAnimator": 2
    },
    {
      "FilePath": "D:\\DatasetTesi\\DataSet\\darkest-dungeon-unity\\Assets\\Prefabs\\UI\\Windows\\CharacterWindow.prefab",
      "Name": "CharacterWindow",
      "NumAnimator": 10
    },
    {
      "FilePath": "D:\\DatasetTesi\\DataSet\\darkest-dungeon-unity\\Assets\\Resources\\Prefabs\\Monsters\\collector_shaman.prefab",
      "Name": "collector_shaman",
      "NumAnimator": 2
    },
    {
      "FilePath": "D:\\DatasetTesi\\DataSet\\darkest-dungeon-unity\\Assets\\Resources\\Prefabs\\Monsters\\maggot.prefab",
      "Name": "maggot",
      "NumAnimator": 2
    },
    {
      "FilePath": "D:\\DatasetTesi\\DataSet\\darkest-dungeon-unity\\Assets\\Resources\\Prefabs\\Monsters\\skeleton_courtier.prefab",
      "Name": "skeleton_courtier",
      "NumAnimator": 2
    },
    {
      "FilePath": "D:\\DatasetTesi\\DataSet\\darkest-dungeon-unity\\Assets\\Resources\\Prefabs\\Monsters\\skeleton_arbalist.prefab",
      "Name": "skeleton_arbalist",
      "NumAnimator": 2
    },
    {
      "FilePath": "D:\\DatasetTesi\\DataSet\\darkest-dungeon-unity\\Assets\\Resources\\Prefabs\\Monsters\\skeleton_spear.prefab",
      "Name": "skeleton_spear",
      "NumAnimator": 2
    },
    {
      "FilePath": "D:\\DatasetTesi\\DataSet\\darkest-dungeon-unity\\Assets\\Resources\\Prefabs\\Monsters\\formless_guard.prefab",
      "Name": "formless_guard",
      "NumAnimator": 2
    },
    {
      "FilePath": "D:\\DatasetTesi\\DataSet\\darkest-dungeon-unity\\Assets\\Resources\\Prefabs\\Monsters\\madman.prefab",
      "Name": "madman",
      "NumAnimator": 2
    },
    {
      "FilePath": "D:\\DatasetTesi\\DataSet\\darkest-dungeon-unity\\Assets\\Resources\\Prefabs\\Monsters\\cultist_witch.prefab",
      "Name": "cultist_witch",
      "NumAnimator": 2
    },
    {
      "FilePath": "D:\\DatasetTesi\\DataSet\\darkest-dungeon-unity\\Assets\\Resources\\Prefabs\\Monsters\\drowned_captain.prefab",
      "Name": "drowned_captain",
      "NumAnimator": 2
    },
    {
      "FilePath": "D:\\DatasetTesi\\DataSet\\darkest-dungeon-unity\\Assets\\Resources\\Prefabs\\Monsters\\cultist_harpy.prefab",
      "Name": "cultist_harpy",
      "NumAnimator": 2
    },
    {
      "FilePath": "D:\\DatasetTesi\\DataSet\\darkest-dungeon-unity\\Assets\\Resources\\Prefabs\\Monsters\\cauldron_empty.prefab",
      "Name": "cauldron_empty",
      "NumAnimator": 2
    },
    {
      "FilePath": "D:\\DatasetTesi\\DataSet\\darkest-dungeon-unity\\Assets\\Resources\\Prefabs\\Heroes\\houndmaster.prefab",
      "Name": "houndmaster",
      "NumAnimator": 2
    },
    {
      "FilePath": "D:\\DatasetTesi\\DataSet\\darkest-dungeon-unity\\Assets\\Resources\\Prefabs\\Monsters\\swine_piglet.prefab",
      "Name": "swine_piglet",
      "NumAnimator": 2
    },
    {
      "FilePath": "D:\\DatasetTesi\\DataSet\\darkest-dungeon-unity\\Assets\\Resources\\Prefabs\\Monsters\\skeleton_militia.prefab",
      "Name": "skeleton_militia",
      "NumAnimator": 2
    },
    {
      "FilePath": "D:\\DatasetTesi\\DataSet\\darkest-dungeon-unity\\Assets\\Resources\\Prefabs\\Heroes\\jester.prefab",
      "Name": "jester",
      "NumAnimator": 2
    },
    {
      "FilePath": "D:\\DatasetTesi\\DataSet\\darkest-dungeon-unity\\Assets\\Resources\\Prefabs\\Heroes\\grave_robber.prefab",
      "Name": "grave_robber",
      "NumAnimator": 2
    },
    {
      "FilePath": "D:\\DatasetTesi\\DataSet\\darkest-dungeon-unity\\Assets\\Resources\\Prefabs\\Monsters\\brigand_raider.prefab",
      "Name": "brigand_raider",
      "NumAnimator": 2
    },
    {
      "FilePath": "D:\\DatasetTesi\\DataSet\\darkest-dungeon-unity\\Assets\\Resources\\Prefabs\\Monsters\\swine_wretch.prefab",
      "Name": "swine_wretch",
      "NumAnimator": 2
    },
    {
      "FilePath": "D:\\DatasetTesi\\DataSet\\darkest-dungeon-unity\\Assets\\Resources\\Prefabs\\Heroes\\occultist.prefab",
      "Name": "occultist",
      "NumAnimator": 2
    },
    {
      "FilePath": "D:\\DatasetTesi\\DataSet\\darkest-dungeon-unity\\Assets\\Resources\\Prefabs\\Monsters\\cell_battle.prefab",
      "Name": "cell_battle",
      "NumAnimator": 2
    },
    {
      "FilePath": "D:\\DatasetTesi\\DataSet\\darkest-dungeon-unity\\Assets\\Resources\\Prefabs\\Heroes\\plague_doctor.prefab",
      "Name": "plague_doctor",
      "NumAnimator": 2
    },
    {
      "FilePath": "D:\\DatasetTesi\\DataSet\\darkest-dungeon-unity\\Assets\\Scenes\\CampaignSelection.unity",
      "Name": "CampaignSelection",
      "NumAnimator": 5
    },
    {
      "FilePath": "D:\\DatasetTesi\\DataSet\\darkest-dungeon-unity\\Assets\\Resources\\Prefabs\\Monsters\\fungal_bloat.prefab",
      "Name": "fungal_bloat",
      "NumAnimator": 2
    },
    {
      "FilePath": "D:\\DatasetTesi\\DataSet\\darkest-dungeon-unity\\Assets\\Resources\\Prefabs\\Monsters\\pew_large.prefab",
      "Name": "pew_large",
      "NumAnimator": 2
    },
    {
      "FilePath": "D:\\DatasetTesi\\DataSet\\darkest-dungeon-unity\\Assets\\Resources\\Prefabs\\Monsters\\errant_flesh_dog.prefab",
      "Name": "errant_flesh_dog",
      "NumAnimator": 2
    },
    {
      "FilePath": "D:\\DatasetTesi\\DataSet\\darkest-dungeon-unity\\Assets\\Resources\\Prefabs\\Heroes\\abomination.prefab",
      "Name": "abomination",
      "NumAnimator": 2
    },
    {
      "FilePath": "D:\\DatasetTesi\\DataSet\\darkest-dungeon-unity\\Assets\\Resources\\Prefabs\\Monsters\\swine_slasher.prefab",
      "Name": "swine_slasher",
      "NumAnimator": 2
    },
    {
      "FilePath": "D:\\DatasetTesi\\DataSet\\darkest-dungeon-unity\\Assets\\Resources\\Prefabs\\Monsters\\brigand_fusilier.prefab",
      "Name": "brigand_fusilier",
      "NumAnimator": 2
    },
    {
      "FilePath": "D:\\DatasetTesi\\DataSet\\darkest-dungeon-unity\\Assets\\Resources\\Prefabs\\Monsters\\collector_battle.prefab",
      "Name": "collector_battle",
      "NumAnimator": 2
    },
    {
      "FilePath": "D:\\DatasetTesi\\DataSet\\darkest-dungeon-unity\\Assets\\Resources\\Prefabs\\Monsters\\errant_flesh_bat.prefab",
      "Name": "errant_flesh_bat",
      "NumAnimator": 2
    },
    {
      "FilePath": "D:\\DatasetTesi\\DataSet\\darkest-dungeon-unity\\Assets\\Resources\\Prefabs\\Monsters\\siren.prefab",
      "Name": "siren",
      "NumAnimator": 2
    },
    {
      "FilePath": "D:\\DatasetTesi\\DataSet\\darkest-dungeon-unity\\Assets\\Resources\\Prefabs\\Monsters\\swine_drummer.prefab",
      "Name": "swine_drummer",
      "NumAnimator": 2
    },
    {
      "FilePath": "D:\\DatasetTesi\\DataSet\\darkest-dungeon-unity\\Assets\\Scenes\\DungeonMultiplayer.unity",
      "Name": "DungeonMultiplayer",
      "NumAnimator": 13
    },
    {
      "FilePath": "D:\\DatasetTesi\\DataSet\\darkest-dungeon-unity\\Assets\\Resources\\Prefabs\\Monsters\\ancestor_nebula.prefab",
      "Name": "ancestor_nebula",
      "NumAnimator": 2
    },
    {
      "FilePath": "D:\\DatasetTesi\\DataSet\\darkest-dungeon-unity\\Assets\\Resources\\Prefabs\\Monsters\\shambler.prefab",
      "Name": "shambler",
      "NumAnimator": 2
    },
    {
      "FilePath": "D:\\DatasetTesi\\DataSet\\darkest-dungeon-unity\\Assets\\Resources\\Prefabs\\Monsters\\spider_spitter.prefab",
      "Name": "spider_spitter",
      "NumAnimator": 2
    },
    {
      "FilePath": "D:\\DatasetTesi\\DataSet\\darkest-dungeon-unity\\Assets\\Resources\\Prefabs\\Monsters\\swine_prince.prefab",
      "Name": "swine_prince",
      "NumAnimator": 2
    },
    {
      "FilePath": "D:\\DatasetTesi\\DataSet\\darkest-dungeon-unity\\Assets\\Resources\\Prefabs\\Monsters\\totem_guard.prefab",
      "Name": "totem_guard",
      "NumAnimator": 2
    },
    {
      "FilePath": "D:\\DatasetTesi\\DataSet\\darkest-dungeon-unity\\Assets\\Resources\\Prefabs\\Monsters\\unclean_giant.prefab",
      "Name": "unclean_giant",
      "NumAnimator": 2
    },
    {
      "FilePath": "D:\\DatasetTesi\\DataSet\\darkest-dungeon-unity\\Assets\\Resources\\Prefabs\\Monsters\\rabid_dog.prefab",
      "Name": "rabid_dog",
      "NumAnimator": 2
    },
    {
      "FilePath": "D:\\DatasetTesi\\DataSet\\darkest-dungeon-unity\\Assets\\Resources\\Prefabs\\Monsters\\fishman_crabby.prefab",
      "Name": "fishman_crabby",
      "NumAnimator": 2
    },
    {
      "FilePath": "D:\\DatasetTesi\\DataSet\\darkest-dungeon-unity\\Assets\\Resources\\Prefabs\\Monsters\\gargoyle.prefab",
      "Name": "gargoyle",
      "NumAnimator": 2
    },
    {
      "FilePath": "D:\\DatasetTesi\\DataSet\\darkest-dungeon-unity\\Assets\\Resources\\Prefabs\\Monsters\\snail_urchin.prefab",
      "Name": "snail_urchin",
      "NumAnimator": 2
    },
    {
      "FilePath": "D:\\DatasetTesi\\DataSet\\darkest-dungeon-unity\\Assets\\Resources\\Prefabs\\Monsters\\cultist_warlord.prefab",
      "Name": "cultist_warlord",
      "NumAnimator": 2
    },
    {
      "FilePath": "D:\\DatasetTesi\\DataSet\\darkest-dungeon-unity\\Assets\\Resources\\Prefabs\\Monsters\\ectoplasm_large.prefab",
      "Name": "ectoplasm_large",
      "NumAnimator": 2
    },
    {
      "FilePath": "D:\\DatasetTesi\\DataSet\\darkest-dungeon-unity\\Assets\\Resources\\Prefabs\\Monsters\\carrion_eater_big.prefab",
      "Name": "carrion_eater_big",
      "NumAnimator": 2
    },
    {
      "FilePath": "D:\\DatasetTesi\\DataSet\\darkest-dungeon-unity\\Assets\\Resources\\Prefabs\\Monsters\\fungal_artillery.prefab",
      "Name": "fungal_artillery",
      "NumAnimator": 2
    },
    {
      "FilePath": "D:\\DatasetTesi\\DataSet\\darkest-dungeon-unity\\Assets\\Resources\\Prefabs\\Monsters\\formless_ranged.prefab",
      "Name": "formless_ranged",
      "NumAnimator": 2
    },
    {
      "FilePath": "D:\\DatasetTesi\\DataSet\\darkest-dungeon-unity\\Assets\\Resources\\Prefabs\\Monsters\\ancestor_small.prefab",
      "Name": "ancestor_small",
      "NumAnimator": 2
    },
    {
      "FilePath": "D:\\DatasetTesi\\DataSet\\darkest-dungeon-unity\\Assets\\Resources\\Prefabs\\Monsters\\totem_attack.prefab",
      "Name": "totem_attack",
      "NumAnimator": 2
    },
    {
      "FilePath": "D:\\DatasetTesi\\DataSet\\darkest-dungeon-unity\\Assets\\Resources\\Prefabs\\Monsters\\spider_webber.prefab",
      "Name": "spider_webber",
      "NumAnimator": 2
    },
    {
      "FilePath": "D:\\DatasetTesi\\DataSet\\darkest-dungeon-unity\\Assets\\Resources\\Prefabs\\Heroes\\highwayman.prefab",
      "Name": "highwayman",
      "NumAnimator": 2
    },
    {
      "FilePath": "D:\\DatasetTesi\\DataSet\\darkest-dungeon-unity\\Assets\\Resources\\Prefabs\\Monsters\\skeleton_common.prefab",
      "Name": "skeleton_common",
      "NumAnimator": 2
    },
    {
      "FilePath": "D:\\DatasetTesi\\DataSet\\darkest-dungeon-unity\\Assets\\Resources\\Prefabs\\Monsters\\pew_medium.prefab",
      "Name": "pew_medium",
      "NumAnimator": 2
    },
    {
      "FilePath": "D:\\DatasetTesi\\DataSet\\darkest-dungeon-unity\\Assets\\Resources\\Prefabs\\Monsters\\ancestor_pod.prefab",
      "Name": "ancestor_pod",
      "NumAnimator": 2
    },
    {
      "FilePath": "D:\\DatasetTesi\\DataSet\\darkest-dungeon-unity\\Assets\\Resources\\Prefabs\\Monsters\\ancestor_heart.prefab",
      "Name": "ancestor_heart",
      "NumAnimator": 2
    },
    {
      "FilePath": "D:\\DatasetTesi\\DataSet\\darkest-dungeon-unity\\Assets\\Resources\\Prefabs\\Monsters\\drowned_anchor.prefab",
      "Name": "drowned_anchor",
      "NumAnimator": 2
    },
    {
      "FilePath": "D:\\DatasetTesi\\DataSet\\darkest-dungeon-unity\\Assets\\Resources\\Prefabs\\Monsters\\ectoplasm.prefab",
      "Name": "ectoplasm",
      "NumAnimator": 2
    },
    {
      "FilePath": "D:\\DatasetTesi\\DataSet\\darkest-dungeon-unity\\Assets\\Resources\\Prefabs\\Monsters\\ancestor_perfect.prefab",
      "Name": "ancestor_perfect",
      "NumAnimator": 2
    },
    {
      "FilePath": "D:\\DatasetTesi\\DataSet\\darkest-dungeon-unity\\Assets\\Resources\\Prefabs\\Heroes\\vestal.prefab",
      "Name": "vestal",
      "NumAnimator": 2
    },
    {
      "FilePath": "D:\\DatasetTesi\\DataSet\\darkest-dungeon-unity\\Assets\\Resources\\Prefabs\\Monsters\\swinetaur.prefab",
      "Name": "swinetaur",
      "NumAnimator": 2
    },
    {
      "FilePath": "D:\\DatasetTesi\\DataSet\\darkest-dungeon-unity\\Assets\\Resources\\Prefabs\\Monsters\\ancestor_big.prefab",
      "Name": "ancestor_big",
      "NumAnimator": 2
    },
    {
      "FilePath": "D:\\DatasetTesi\\DataSet\\darkest-dungeon-unity\\Assets\\Resources\\Prefabs\\Monsters\\fishman_harpoon.prefab",
      "Name": "fishman_harpoon",
      "NumAnimator": 2
    },
    {
      "FilePath": "D:\\DatasetTesi\\DataSet\\darkest-dungeon-unity\\Assets\\Resources\\Prefabs\\Monsters\\brigand_blood.prefab",
      "Name": "brigand_blood",
      "NumAnimator": 2
    },
    {
      "FilePath": "D:\\DatasetTesi\\DataSet\\darkest-dungeon-unity\\Assets\\Resources\\Prefabs\\Monsters\\swine_reaver.prefab",
      "Name": "swine_reaver",
      "NumAnimator": 2
    },
    {
      "FilePath": "D:\\DatasetTesi\\DataSet\\darkest-dungeon-unity\\Assets\\Resources\\Prefabs\\Monsters\\cultist_brawler.prefab",
      "Name": "cultist_brawler",
      "NumAnimator": 2
    },
    {
      "FilePath": "D:\\DatasetTesi\\DataSet\\darkest-dungeon-unity\\Assets\\Resources\\Prefabs\\Monsters\\brigand_cannon.prefab",
      "Name": "brigand_cannon",
      "NumAnimator": 2
    },
    {
      "FilePath": "D:\\DatasetTesi\\DataSet\\darkest-dungeon-unity\\Assets\\Resources\\Prefabs\\Monsters\\cell_white.prefab",
      "Name": "cell_white",
      "NumAnimator": 2
    },
    {
      "FilePath": "D:\\DatasetTesi\\DataSet\\darkest-dungeon-unity\\Assets\\Resources\\Prefabs\\Heroes\\hellion.prefab",
      "Name": "hellion",
      "NumAnimator": 2
    },
    {
      "FilePath": "D:\\DatasetTesi\\DataSet\\fancyscrollview\\Assets\\FancyScrollView\\Examples\\Sources\\04_Metaball\\Cell.prefab",
      "Name": "Cell",
      "NumAnimator": 2
    },
    {
      "FilePath": "D:\\DatasetTesi\\DataSet\\fancyscrollview\\Assets\\FancyScrollView\\Examples\\Sources\\05_Voronoi\\Cell.prefab",
      "Name": "Cell",
      "NumAnimator": 2
    },
    {
      "FilePath": "D:\\DatasetTesi\\DataSet1\\gold-player\\Assets\\Hertzole\\Gold Player\\Examples\\Animator\\Animator.unity",
      "Name": "Animator",
      "NumAnimator": 2
    },
    {
      "FilePath": "D:\\DatasetTesi\\DataSet1\\jcsunity\\Assets\\_Project\\Scenes\\Obsolete\\JCS_2DAI.unity",
      "Name": "JCS_2DAI",
      "NumAnimator": 2
    },
    {
      "FilePath": "D:\\DatasetTesi\\DataSet1\\jcsunity\\Assets\\JCSUnity\\Scenes\\Demo\\2D\\JCS_SideScroller.unity",
      "Name": "JCS_SideScroller",
      "NumAnimator": 2
    },
    {
      "FilePath": "D:\\DatasetTesi\\DataSet1\\jcsunity\\Assets\\_BossFight\\Scenes\\BF_Game.unity",
      "Name": "BF_Game",
      "NumAnimator": 2
    },
    {
      "FilePath": "D:\\DatasetTesi\\DataSet1\\jcsunity\\Assets\\_Project\\Scenes\\Obsolete\\JCS_2DAttack.unity",
      "Name": "JCS_2DAttack",
      "NumAnimator": 5
    },
    {
      "FilePath": "D:\\DatasetTesi\\DataSet1\\mirage\\Assets\\Mirage\\Samples~\\AdditiveScenes\\Prefabs\\Tank.prefab",
      "Name": "Tank",
      "NumAnimator": 2
    },
    {
      "FilePath": "D:\\DatasetTesi\\DataSet1\\nsmb-mariovsluigi\\Assets\\Scenes\\MainMenu.unity",
      "Name": "MainMenu",
      "NumAnimator": 8
    },
    {
      "FilePath": "D:\\DatasetTesi\\DataSet1\\nsmb-mariovsluigi\\Assets\\Resources\\Prefabs\\Static\\GameManager.prefab",
      "Name": "GameManager",
      "NumAnimator": 3
    },
    {
      "FilePath": "D:\\DatasetTesi\\DataSet1\\nsmb-mariovsluigi\\Assets\\Scenes\\Levels\\CustomVolcano.unity",
      "Name": "CustomVolcano",
      "NumAnimator": 2
    },
    {
      "FilePath": "D:\\DatasetTesi\\DataSet1\\nsmb-mariovsluigi\\Assets\\Scenes\\Loading.unity",
      "Name": "Loading",
      "NumAnimator": 3
    },
    {
      "FilePath": "D:\\DatasetTesi\\DataSet1\\nsmb-mariovsluigi\\Assets\\Resources\\Prefabs\\PlayerMario.prefab",
      "Name": "PlayerMario",
      "NumAnimator": 2
    },
    {
      "FilePath": "D:\\DatasetTesi\\DataSet1\\project-404\\Assets\\Scenes\\Demo\\impact_site\\scn_impact_site.unity",
      "Name": "scn_impact_site",
      "NumAnimator": 2
    },
    {
      "FilePath": "D:\\DatasetTesi\\DataSet1\\towerdefense-gameframework-demo\\Assets\\GameMain\\Entity\\Enemies\\SuperHoverboss.prefab",
      "Name": "SuperHoverboss",
      "NumAnimator": 2
    },
    {
      "FilePath": "D:\\DatasetTesi\\DataSet1\\towerdefense-gameframework-demo\\Assets\\GameMain\\Entity\\AssaultCannon\\AssaultCannonPreview.prefab",
      "Name": "AssaultCannonPreview",
      "NumAnimator": 2
    },
    {
      "FilePath": "D:\\DatasetTesi\\DataSet1\\towerdefense-gameframework-demo\\Assets\\GameMain\\Entity\\Enemies\\SuperHovertank.prefab",
      "Name": "SuperHovertank",
      "NumAnimator": 2
    },
    {
      "FilePath": "D:\\DatasetTesi\\DataSet1\\unity-flightphysics\\Assets\\FlightPhysics\\Prefabs\\UI\\MainMenu Layout.prefab",
      "Name": "MainMenu Layout",
      "NumAnimator": 14
    },
    {
      "FilePath": "D:\\DatasetTesi\\DataSet1\\unity-flightphysics\\Assets\\FlightPhysics\\Prefabs\\UI\\Windows\\Window - Loading.prefab",
      "Name": "Window - Loading",
      "NumAnimator": 2
    },
    {
      "FilePath": "D:\\DatasetTesi\\DataSet1\\voxelfield\\Assets\\Scenes\\Testing.unity",
      "Name": "Testing",
      "NumAnimator": 4
    },
    {
      "FilePath": "D:\\DatasetTesi\\DataSet1\\voxelfield\\Assets\\Resources\\Players\\Player Visualizer.prefab",
      "Name": "Player Visualizer",
      "NumAnimator": 2
    },
    {
      "FilePath": "D:\\DatasetTesi\\DataSet1\\voxelfield\\Assets\\Resources\\Players\\Player Modifier.prefab",
      "Name": "Player Modifier",
      "NumAnimator": 2
    },
    {
      "FilePath": "D:\\DatasetTesi\\DataSet1\\voxelfield\\Assets\\Resources\\Players\\Player Visuals.prefab",
      "Name": "Player Visuals",
      "NumAnimator": 3
    }
  ],
  "FILENAME": "Multiple_animators_for_a_single_object.json"
}