{
  "Name": "Static Coupling Smells",
  "Occurrency": 98,
  "Smells": [
    {
      "FilePath": "D:\\DatasetTesi\\DataSet\\cosmosframework\\Assets\\Examples\\AssetBundleTest\\Prefab\\Label.prefab",
      "Name": "Label",
      "NumReference": 10
    },
    {
      "FilePath": "D:\\DatasetTesi\\DataSet\\cosmosframework\\Assets\\Examples\\ExampleScripts\\20_AOI\\AOITilePrefab.prefab",
      "Name": "AOITilePrefab",
      "NumReference": 6
    },
    {
      "FilePath": "D:\\DatasetTesi\\DataSet\\cosmosframework\\Assets\\Examples\\ExampleScripts\\20_AOI\\20_AOI.unity",
      "Name": "20_AOI",
      "NumReference": 23
    },
    {
      "FilePath": "D:\\DatasetTesi\\DataSet\\cosmosframework\\Assets\\Examples\\ExampleScripts\\21_Network\\YBot\\LM_YBotAC.controller",
      "Name": "LM_YBotAC",
      "NumReference": 6
    },
    {
      "FilePath": "D:\\DatasetTesi\\DataSet\\cosmosframework\\Assets\\Examples\\ExampleScripts\\17_PlayerController\\YBot_LM_Player_AC.controller",
      "Name": "YBot_LM_Player_AC",
      "NumReference": 6
    },
    {
      "FilePath": "D:\\DatasetTesi\\DataSet\\cosmosframework\\Assets\\Examples\\ExampleScripts\\23_Entity\\EntityScenes\\EntityGame.unity",
      "Name": "EntityGame",
      "NumReference": 12
    },
    {
      "FilePath": "D:\\DatasetTesi\\DataSet\\cosmosframework\\Assets\\Examples\\ExampleScripts\\15_QuadTree\\QuadTreeCube.prefab",
      "Name": "QuadTreeCube",
      "NumReference": 2
    },
    {
      "FilePath": "D:\\DatasetTesi\\DataSet\\cosmosframework\\Assets\\Examples\\ExampleScripts\\14_AStarPathfinding\\TileMats\\PlayerRed.mat",
      "Name": "PlayerRed",
      "NumReference": 1
    },
    {
      "FilePath": "D:\\DatasetTesi\\DataSet\\cosmosframework\\Assets\\Examples\\AssetBundleTest\\Prefab\\ObjectPoolResPrefab\\Mat_ObjectPool_Green.mat",
      "Name": "Mat_ObjectPool_Green",
      "NumReference": 1
    },
    {
      "FilePath": "D:\\DatasetTesi\\DataSet\\cosmosframework\\Assets\\Examples\\ExampleScripts\\24_Procedure\\ProcedureScenes\\24_Procedure_YBotState.unity",
      "Name": "24_Procedure_YBotState",
      "NumReference": 23
    },
    {
      "FilePath": "D:\\DatasetTesi\\DataSet\\cosmosframework\\Assets\\Examples\\ExampleScripts\\23_Entity\\23_EntityLauncher.unity",
      "Name": "23_EntityLauncher",
      "NumReference": 5
    },
    {
      "FilePath": "D:\\DatasetTesi\\DataSet\\cosmosframework\\Assets\\Examples\\ExampleScripts\\08_ObjectPool\\08_ObjectPool.unity",
      "Name": "08_ObjectPool",
      "NumReference": 14
    },
    {
      "FilePath": "D:\\DatasetTesi\\DataSet\\cosmosframework\\Assets\\Examples\\AssetBundleTest\\Material\\GreyMaterial.Default.mat",
      "Name": "GreyMaterial.Default",
      "NumReference": 1
    },
    {
      "FilePath": "D:\\DatasetTesi\\DataSet\\cosmosframework\\Assets\\Examples\\AssetBundleTest\\Prefab\\ObjectPoolResPrefab\\Mat_ObjectPool_Blue.mat",
      "Name": "Mat_ObjectPool_Blue",
      "NumReference": 1
    },
    {
      "FilePath": "D:\\DatasetTesi\\DataSet\\cosmosframework\\Assets\\Examples\\ExampleScripts\\13_DataTable\\13_DataTable.unity",
      "Name": "13_DataTable",
      "NumReference": 59
    },
    {
      "FilePath": "D:\\DatasetTesi\\DataSet\\cosmosframework\\Assets\\Examples\\Resources\\UI\\Slot.prefab",
      "Name": "Slot",
      "NumReference": 8
    },
    {
      "FilePath": "D:\\DatasetTesi\\DataSet\\cosmosframework\\Assets\\Examples\\AssetBundleTest\\Prefab\\YBot\\AC_YBot_Walking.controller",
      "Name": "AC_YBot_Walking",
      "NumReference": 2
    },
    {
      "FilePath": "D:\\DatasetTesi\\DataSet\\cosmosframework\\Assets\\Examples\\ExampleScripts\\23_Entity\\EntityPrefabs\\EntityEnemy.prefab",
      "Name": "EntityEnemy",
      "NumReference": 7
    },
    {
      "FilePath": "D:\\DatasetTesi\\DataSet\\cosmosframework\\Assets\\Examples\\ExampleScripts\\20_AOI\\AOINormal_Mat.mat",
      "Name": "AOINormal_Mat",
      "NumReference": 3
    },
    {
      "FilePath": "D:\\DatasetTesi\\DataSet\\cosmosframework\\Assets\\Examples\\ExampleScripts\\19_SquareGrid\\SquareTilePrefab\\SquareTilePrefab.prefab",
      "Name": "SquareTilePrefab",
      "NumReference": 6
    },
    {
      "FilePath": "D:\\DatasetTesi\\DataSet\\cosmosframework\\Assets\\Examples\\Resources\\UI\\StorePanel.prefab",
      "Name": "StorePanel",
      "NumReference": 9
    },
    {
      "FilePath": "D:\\DatasetTesi\\DataSet\\cosmosframework\\Assets\\Examples\\AssetBundleTest\\Scene\\TestAddtiveScene.unity",
      "Name": "TestAddtiveScene",
      "NumReference": 10
    },
    {
      "FilePath": "D:\\DatasetTesi\\DataSet\\cosmosframework\\Assets\\Examples\\ExampleScripts\\22_FutureTask\\22_FutureTask.unity",
      "Name": "22_FutureTask",
      "NumReference": 3
    },
    {
      "FilePath": "D:\\DatasetTesi\\DataSet\\cosmosframework\\Assets\\Examples\\ExampleScripts\\17_PlayerController\\17_PlayerControllerDemo.unity",
      "Name": "17_PlayerControllerDemo",
      "NumReference": 15
    },
    {
      "FilePath": "D:\\DatasetTesi\\DataSet\\cosmosframework\\Assets\\Examples\\ExampleScripts\\14_AStarPathfinding\\TilePrefabs\\PathfindingPlayer.prefab",
      "Name": "PathfindingPlayer",
      "NumReference": 2
    },
    {
      "FilePath": "D:\\DatasetTesi\\DataSet\\cosmosframework\\Assets\\Examples\\ExampleScripts\\23_Entity\\EntityPrefabs\\EntityGameLoadingSlider.prefab",
      "Name": "EntityGameLoadingSlider",
      "NumReference": 7
    },
    {
      "FilePath": "D:\\DatasetTesi\\DataSet\\cosmosframework\\Assets\\Examples\\ExampleScripts\\04_Event\\04_Event_Dispatcher.unity",
      "Name": "04_Event_Dispatcher",
      "NumReference": 31
    },
    {
      "FilePath": "D:\\DatasetTesi\\DataSet\\cosmosframework\\Assets\\Examples\\ExampleScripts\\14_AStarPathfinding\\TilePrefabs\\TileHighlight.prefab",
      "Name": "TileHighlight",
      "NumReference": 3
    },
    {
      "FilePath": "D:\\DatasetTesi\\DataSet\\cosmosframework\\Assets\\Examples\\ExampleScripts\\09_Download\\09_Download.unity",
      "Name": "09_Download",
      "NumReference": 19
    },
    {
      "FilePath": "D:\\DatasetTesi\\DataSet\\cosmosframework\\Assets\\Examples\\Resources\\Prefabs\\ResCapsule.prefab",
      "Name": "ResCapsule",
      "NumReference": 2
    },
    {
      "FilePath": "D:\\DatasetTesi\\DataSet\\cosmosframework\\Assets\\Examples\\AssetBundleTest\\Prefab\\Capsule.prefab",
      "Name": "Capsule",
      "NumReference": 2
    },
    {
      "FilePath": "D:\\DatasetTesi\\DataSet\\cosmosframework\\Assets\\Examples\\ExampleScripts\\20_AOI\\AOICube.prefab",
      "Name": "AOICube",
      "NumReference": 2
    },
    {
      "FilePath": "D:\\DatasetTesi\\DataSet\\cosmosframework\\Assets\\Examples\\ActionPack\\YBot\\BaseActionPack\\Alpha_Body_Red_MAT.mat",
      "Name": "Alpha_Body_Red_MAT",
      "NumReference": 1
    },
    {
      "FilePath": "D:\\DatasetTesi\\DataSet\\cosmosframework\\Assets\\Examples\\AssetBundleTest\\Prefab\\Cube.prefab",
      "Name": "Cube",
      "NumReference": 2
    },
    {
      "FilePath": "D:\\DatasetTesi\\DataSet\\cosmosframework\\Assets\\Examples\\AssetBundleTest\\Prefab\\XBot\\AC_XBot_Walking.controller",
      "Name": "AC_XBot_Walking",
      "NumReference": 2
    },
    {
      "FilePath": "D:\\DatasetTesi\\DataSet\\cosmosframework\\Assets\\Examples\\AssetBundleTest\\Material\\BlueMat.mat",
      "Name": "BlueMat",
      "NumReference": 1
    },
    {
      "FilePath": "D:\\DatasetTesi\\DataSet\\cosmosframework\\Assets\\Examples\\ExampleScripts\\19_SquareGrid\\SquareTilePrefab\\SquareTileNormalColor_Mat.mat",
      "Name": "SquareTileNormalColor_Mat",
      "NumReference": 2
    },
    {
      "FilePath": "D:\\DatasetTesi\\DataSet\\cosmosframework\\Assets\\Examples\\ExampleScripts\\19_SquareGrid\\19_SquareGridFix64.unity",
      "Name": "19_SquareGridFix64",
      "NumReference": 23
    },
    {
      "FilePath": "D:\\DatasetTesi\\DataSet\\cosmosframework\\Assets\\Examples\\ActionPack\\YBot\\RM_YBotAC.controller",
      "Name": "RM_YBotAC",
      "NumReference": 21
    },
    {
      "FilePath": "D:\\DatasetTesi\\DataSet\\cosmosframework\\Assets\\Examples\\ExampleScripts\\12_Algorithm\\12_Algorithm.unity",
      "Name": "12_Algorithm",
      "NumReference": 4
    },
    {
      "FilePath": "D:\\DatasetTesi\\DataSet\\cosmosframework\\Assets\\Examples\\ExampleScripts\\15_QuadTree\\15_QuadTreeSupervisor.unity",
      "Name": "15_QuadTreeSupervisor",
      "NumReference": 23
    },
    {
      "FilePath": "D:\\DatasetTesi\\DataSet\\cosmosframework\\Assets\\Examples\\ExampleScripts\\10_Scene\\10_SceneLoader.unity",
      "Name": "10_SceneLoader",
      "NumReference": 22
    },
    {
      "FilePath": "D:\\DatasetTesi\\DataSet\\cosmosframework\\Assets\\Examples\\Common\\UnitSquare\\UnitSquare.prefab",
      "Name": "UnitSquare",
      "NumReference": 3
    },
    {
      "FilePath": "D:\\DatasetTesi\\DataSet\\cosmosframework\\Assets\\Examples\\ActionPack\\YBot\\BaseActionPack\\Alpha_Body_Bule_MAT.mat",
      "Name": "Alpha_Body_Bule_MAT",
      "NumReference": 1
    },
    {
      "FilePath": "D:\\DatasetTesi\\DataSet\\cosmosframework\\Assets\\Examples\\Resources\\UI\\WelcomePanel.prefab",
      "Name": "WelcomePanel",
      "NumReference": 28
    },
    {
      "FilePath": "D:\\DatasetTesi\\DataSet\\cosmosframework\\Assets\\Examples\\ExampleScripts\\06_Audio\\06_Audio.unity",
      "Name": "06_Audio",
      "NumReference": 30
    },
    {
      "FilePath": "D:\\DatasetTesi\\DataSet\\cosmosframework\\Assets\\Examples\\ExampleScripts\\23_Entity\\EntityPrefabs\\UICanvas.prefab",
      "Name": "UICanvas",
      "NumReference": 4
    },
    {
      "FilePath": "D:\\DatasetTesi\\DataSet\\cosmosframework\\Assets\\Examples\\ExampleScripts\\23_Entity\\EntityPrefabs\\EntityGameLauncherPanel.prefab",
      "Name": "EntityGameLauncherPanel",
      "NumReference": 6
    },
    {
      "FilePath": "D:\\DatasetTesi\\DataSet\\cosmosframework\\Assets\\Examples\\Resources\\UI\\SettingPanel.prefab",
      "Name": "SettingPanel",
      "NumReference": 9
    },
    {
      "FilePath": "D:\\DatasetTesi\\DataSet\\cosmosframework\\Assets\\Examples\\AssetBundleTest\\Prefab\\YBot\\YBot_Idle.prefab",
      "Name": "YBot_Idle",
      "NumReference": 6
    },
    {
      "FilePath": "D:\\DatasetTesi\\DataSet\\cosmosframework\\Assets\\Examples\\ExampleScripts\\14_AStarPathfinding\\TileMats\\TileMat_Gray.mat",
      "Name": "TileMat_Gray",
      "NumReference": 1
    },
    {
      "FilePath": "D:\\DatasetTesi\\DataSet\\cosmosframework\\Assets\\Examples\\AssetBundleTest\\Prefab\\ObjectPoolResPrefab\\Mat_ObjectPool_Red.mat",
      "Name": "Mat_ObjectPool_Red",
      "NumReference": 1
    },
    {
      "FilePath": "D:\\DatasetTesi\\DataSet\\cosmosframework\\Assets\\Examples\\AssetBundleTest\\Prefab\\ObjectPoolResPrefab\\ResPrefab_Sphere.prefab",
      "Name": "ResPrefab_Sphere",
      "NumReference": 2
    },
    {
      "FilePath": "D:\\DatasetTesi\\DataSet\\cosmosframework\\Assets\\Examples\\AssetBundleTest\\Prefab\\Sphere.prefab",
      "Name": "Sphere",
      "NumReference": 2
    },
    {
      "FilePath": "D:\\DatasetTesi\\DataSet\\cosmosframework\\Assets\\Examples\\ExampleScripts\\25_TickTimer\\25_TickTimer.unity",
      "Name": "25_TickTimer",
      "NumReference": 32
    },
    {
      "FilePath": "D:\\DatasetTesi\\DataSet\\cosmosframework\\Assets\\Examples\\Resources\\UI\\StatusPanel.prefab",
      "Name": "StatusPanel",
      "NumReference": 9
    },
    {
      "FilePath": "D:\\DatasetTesi\\DataSet\\cosmosframework\\Assets\\Examples\\AssetBundleTest\\Prefab\\XBot\\XBot_Idle.prefab",
      "Name": "XBot_Idle",
      "NumReference": 5
    },
    {
      "FilePath": "D:\\DatasetTesi\\DataSet\\cosmosframework\\Assets\\Examples\\AssetBundleTest\\Prefab\\ObjectPoolResPrefab\\ResPrefab_Cube.prefab",
      "Name": "ResPrefab_Cube",
      "NumReference": 2
    },
    {
      "FilePath": "D:\\DatasetTesi\\DataSet\\cosmosframework\\Assets\\Examples\\ExampleScripts\\19_SquareGrid\\19_SquareGrid.unity",
      "Name": "19_SquareGrid",
      "NumReference": 23
    },
    {
      "FilePath": "D:\\DatasetTesi\\DataSet\\cosmosframework\\Assets\\Examples\\AssetBundleTest\\Prefab\\XBot\\XBot_Walking.prefab",
      "Name": "XBot_Walking",
      "NumReference": 5
    },
    {
      "FilePath": "D:\\DatasetTesi\\DataSet\\cosmosframework\\Assets\\Examples\\ExampleScripts\\21_Network\\YBot\\YBot_LM_Local.prefab",
      "Name": "YBot_LM_Local",
      "NumReference": 6
    },
    {
      "FilePath": "D:\\DatasetTesi\\DataSet\\cosmosframework\\Assets\\Examples\\ExampleScripts\\21_Network\\YBot\\YBot_LM_Remote.prefab",
      "Name": "YBot_LM_Remote",
      "NumReference": 6
    },
    {
      "FilePath": "D:\\DatasetTesi\\DataSet\\cosmosframework\\Assets\\Examples\\Resources\\UI\\InventoryPanel.prefab",
      "Name": "InventoryPanel",
      "NumReference": 37
    },
    {
      "FilePath": "D:\\DatasetTesi\\DataSet\\cosmosframework\\Assets\\Examples\\ExampleScripts\\05_Input\\05_Input.unity",
      "Name": "05_Input",
      "NumReference": 49
    },
    {
      "FilePath": "D:\\DatasetTesi\\DataSet\\cosmosframework\\Assets\\Examples\\AssetBundleTest\\Material\\Alpha_Body_MAT.mat",
      "Name": "Alpha_Body_MAT",
      "NumReference": 1
    },
    {
      "FilePath": "D:\\DatasetTesi\\DataSet\\cosmosframework\\Assets\\Examples\\ExampleScripts\\19_SquareGrid\\SquareTilePrefab\\SquareTileHighlightColor_Mat.mat",
      "Name": "SquareTileHighlightColor_Mat",
      "NumReference": 3
    },
    {
      "FilePath": "D:\\DatasetTesi\\DataSet\\cosmosframework\\Assets\\Examples\\ExampleScripts\\04_Event\\04_Event_Subscriber.unity",
      "Name": "04_Event_Subscriber",
      "NumReference": 112
    },
    {
      "FilePath": "D:\\DatasetTesi\\DataSet\\cosmosframework\\Assets\\Examples\\AssetBundleTest\\Prefab\\YBot\\YBot_Walking.prefab",
      "Name": "YBot_Walking",
      "NumReference": 6
    },
    {
      "FilePath": "D:\\DatasetTesi\\DataSet\\cosmosframework\\Assets\\Examples\\AssetBundleTest\\Prefab\\XBot\\AC_XBot_Idle.controller",
      "Name": "AC_XBot_Idle",
      "NumReference": 1
    },
    {
      "FilePath": "D:\\DatasetTesi\\DataSet\\cosmosframework\\Assets\\Examples\\ExampleScripts\\16_SortUnityComps\\16_SortUnityComps_Example.unity",
      "Name": "16_SortUnityComps_Example",
      "NumReference": 17
    },
    {
      "FilePath": "D:\\DatasetTesi\\DataSet\\cosmosframework\\Assets\\Examples\\ExampleScripts\\23_Entity\\EntityPrefabs\\EntityPlayer.prefab",
      "Name": "EntityPlayer",
      "NumReference": 7
    },
    {
      "FilePath": "D:\\DatasetTesi\\DataSet\\cosmosframework\\Assets\\Examples\\Resources\\Prefabs\\ResCube.prefab",
      "Name": "ResCube",
      "NumReference": 2
    },
    {
      "FilePath": "D:\\DatasetTesi\\DataSet\\cosmosframework\\Assets\\Examples\\AssetBundleTest\\Prefab\\Cylinder.prefab",
      "Name": "Cylinder",
      "NumReference": 2
    },
    {
      "FilePath": "D:\\DatasetTesi\\DataSet\\cosmosframework\\Assets\\Examples\\Resources\\Prefabs\\ResSphere.prefab",
      "Name": "ResSphere",
      "NumReference": 2
    },
    {
      "FilePath": "D:\\DatasetTesi\\DataSet\\cosmosframework\\Assets\\Examples\\AssetBundleTest\\Prefab\\ObjectPoolResPrefab\\ResPrefab_Capsule.prefab",
      "Name": "ResPrefab_Capsule",
      "NumReference": 2
    },
    {
      "FilePath": "D:\\DatasetTesi\\DataSet\\cosmosframework\\Assets\\Examples\\Common\\UnitSquare\\UnitGrid256.mat",
      "Name": "UnitGrid256",
      "NumReference": 3
    },
    {
      "FilePath": "D:\\DatasetTesi\\DataSet\\cosmosframework\\Assets\\Examples\\ExampleScripts\\02_ResourceLoad\\02_ResourceLoad.unity",
      "Name": "02_ResourceLoad",
      "NumReference": 4
    },
    {
      "FilePath": "D:\\DatasetTesi\\DataSet\\cosmosframework\\Assets\\Examples\\ExampleScripts\\21_Network\\Lockstep\\21_LockstepDemo.unity",
      "Name": "21_LockstepDemo",
      "NumReference": 39
    },
    {
      "FilePath": "D:\\DatasetTesi\\DataSet\\cosmosframework\\Assets\\Examples\\ExampleScripts\\21_Network\\MultiNetworkChannel\\21_MulitNetworkChannel.unity",
      "Name": "21_MulitNetworkChannel",
      "NumReference": 89
    },
    {
      "FilePath": "D:\\DatasetTesi\\DataSet\\cosmosframework\\Assets\\Examples\\ExampleScripts\\18_Encrytion\\18_Encrytion.unity",
      "Name": "18_Encrytion",
      "NumReference": 4
    },
    {
      "FilePath": "D:\\DatasetTesi\\DataSet\\cosmosframework\\Assets\\Examples\\ExampleScripts\\20_AOI\\AOIHighlight_Mat.mat",
      "Name": "AOIHighlight_Mat",
      "NumReference": 3
    },
    {
      "FilePath": "D:\\DatasetTesi\\DataSet\\cosmosframework\\Assets\\Examples\\ExampleScripts\\07_FSM\\07_FSM.unity",
      "Name": "07_FSM",
      "NumReference": 21
    },
    {
      "FilePath": "D:\\DatasetTesi\\DataSet\\cosmosframework\\Assets\\Examples\\AssetBundleTest\\Material\\RedMat.mat",
      "Name": "RedMat",
      "NumReference": 1
    },
    {
      "FilePath": "D:\\DatasetTesi\\DataSet\\cosmosframework\\Assets\\Examples\\AssetBundleTest\\Prefab\\YBot\\AC_YBot_Idle.controller",
      "Name": "AC_YBot_Idle",
      "NumReference": 2
    },
    {
      "FilePath": "D:\\DatasetTesi\\DataSet\\cosmosframework\\Assets\\Examples\\ExampleScripts\\01_QuickStart\\01_QuickStart.unity",
      "Name": "01_QuickStart",
      "NumReference": 3
    },
    {
      "FilePath": "D:\\DatasetTesi\\DataSet\\cosmosframework\\Assets\\Examples\\ExampleScripts\\11_Awaitable\\11_AwaitableTest.unity",
      "Name": "11_AwaitableTest",
      "NumReference": 3
    },
    {
      "FilePath": "D:\\DatasetTesi\\DataSet\\cosmosframework\\Assets\\Examples\\ExampleScripts\\14_AStarPathfinding\\TilePrefabs\\TileDefault.prefab",
      "Name": "TileDefault",
      "NumReference": 3
    },
    {
      "FilePath": "D:\\DatasetTesi\\DataSet\\cosmosframework\\Assets\\Examples\\ExampleScripts\\17_PlayerController\\YBot_LM_Player.prefab",
      "Name": "YBot_LM_Player",
      "NumReference": 6
    },
    {
      "FilePath": "D:\\DatasetTesi\\DataSet\\cosmosframework\\Assets\\Examples\\ExampleScripts\\24_Procedure\\24_Procedure.unity",
      "Name": "24_Procedure",
      "NumReference": 15
    },
    {
      "FilePath": "D:\\DatasetTesi\\DataSet\\cosmosframework\\Assets\\Examples\\AssetBundleTest\\Scene\\SceneTarget.unity",
      "Name": "SceneTarget",
      "NumReference": 41
    },
    {
      "FilePath": "D:\\DatasetTesi\\DataSet\\cosmosframework\\Assets\\Examples\\ExampleScripts\\24_Procedure\\ProcedureScenes\\24_Procedure_PloyState.unity",
      "Name": "24_Procedure_PloyState",
      "NumReference": 20
    },
    {
      "FilePath": "D:\\DatasetTesi\\DataSet\\cosmosframework\\Assets\\Examples\\ExampleScripts\\03_UI\\03_UI.unity",
      "Name": "03_UI",
      "NumReference": 4
    },
    {
      "FilePath": "D:\\DatasetTesi\\DataSet\\cosmosframework\\Assets\\Examples\\Resources\\UI\\MainUICanvas.prefab",
      "Name": "MainUICanvas",
      "NumReference": 36
    },
    {
      "FilePath": "D:\\DatasetTesi\\DataSet\\cosmosframework\\Assets\\Examples\\ExampleScripts\\14_AStarPathfinding\\TileMats\\TileMat_Yellow.mat",
      "Name": "TileMat_Yellow",
      "NumReference": 1
    },
    {
      "FilePath": "D:\\DatasetTesi\\DataSet\\cosmosframework\\Assets\\Examples\\ExampleScripts\\14_AStarPathfinding\\14_AStarPathfinding.unity",
      "Name": "14_AStarPathfinding",
      "NumReference": 5
    },
    {
      "FilePath": "D:\\DatasetTesi\\DataSet\\cosmosframework\\Assets\\Examples\\ExampleScripts\\15_QuadTree\\15_QuadTree.unity",
      "Name": "15_QuadTree",
      "NumReference": 20
    },
    {
      "FilePath": "D:\\DatasetTesi\\DataSet\\cosmosframework\\Assets\\Examples\\ExampleScripts\\15_QuadTree\\15_QuadTreeFix64.unity",
      "Name": "15_QuadTreeFix64",
      "NumReference": 20
    },
    {
      "FilePath": "D:\\DatasetTesi\\DataSet\\cosmosframework\\Assets\\Examples\\AssetBundleTest\\Prefab\\AudioSource.prefab",
      "Name": "AudioSource",
      "NumReference": 1
    }
  ],
  "FILENAME": "Static_Coupling_Smells.json"
}