{
  "Name": "SubOptimal Expensive Lights",
  "Occurrency": 33,
  "Smells": [
    {
      "FilePath": "D:\\DatasetTesi\\DataSet\\anyrpgcore\\Assets\\AnyRPG\\Core\\DemoScenes\\CorePrefabs\\CorePrefabs.unity",
      "Name": "CorePrefabs"
    },
    {
      "FilePath": "D:\\DatasetTesi\\DataSet\\anyrpgcore\\Assets\\AnyRPG\\Core\\Games\\FeaturesDemoGame\\Scenes\\Content\\FeaturesDemoCutsceneZone\\FeaturesDemoCutsceneZone.unity",
      "Name": "FeaturesDemoCutsceneZone"
    },
    {
      "FilePath": "D:\\DatasetTesi\\DataSet\\anyrpgcore\\Assets\\AnyRPG\\Core\\Games\\FeaturesDemoGame\\Scenes\\Content\\FeaturesDemoZone\\FeaturesDemoZone.unity",
      "Name": "FeaturesDemoZone"
    },
    {
      "FilePath": "D:\\DatasetTesi\\DataSet\\cuboidaldrift\\Assets\\Scenes\\Levels\\Level7.unity",
      "Name": "Level7"
    },
    {
      "FilePath": "D:\\DatasetTesi\\DataSet\\cuboidaldrift\\Assets\\Scenes\\Levels\\Level3.unity",
      "Name": "Level3"
    },
    {
      "FilePath": "D:\\DatasetTesi\\DataSet\\cuboidaldrift\\Assets\\Scenes\\Levels\\Level2.unity",
      "Name": "Level2"
    },
    {
      "FilePath": "D:\\DatasetTesi\\DataSet\\cuboidaldrift\\Assets\\Scenes\\Levels\\Level6.unity",
      "Name": "Level6"
    },
    {
      "FilePath": "D:\\DatasetTesi\\DataSet\\cuboidaldrift\\Assets\\Scenes\\Levels\\Level16.unity",
      "Name": "Level16"
    },
    {
      "FilePath": "D:\\DatasetTesi\\DataSet\\cuboidaldrift\\Assets\\Scenes\\Levels\\Level5.unity",
      "Name": "Level5"
    },
    {
      "FilePath": "D:\\DatasetTesi\\DataSet\\cuboidaldrift\\Assets\\Scenes\\Levels\\Level10.unity",
      "Name": "Level10"
    },
    {
      "FilePath": "D:\\DatasetTesi\\DataSet\\cuboidaldrift\\Assets\\Scenes\\Levels\\Level13.unity",
      "Name": "Level13"
    },
    {
      "FilePath": "D:\\DatasetTesi\\DataSet\\cuboidaldrift\\Assets\\Scenes\\Levels\\Level1.unity",
      "Name": "Level1"
    },
    {
      "FilePath": "D:\\DatasetTesi\\DataSet\\cuboidaldrift\\Assets\\Scenes\\Levels\\Level9.unity",
      "Name": "Level9"
    },
    {
      "FilePath": "D:\\DatasetTesi\\DataSet\\cuboidaldrift\\Assets\\Scenes\\Levels\\Level8.unity",
      "Name": "Level8"
    },
    {
      "FilePath": "D:\\DatasetTesi\\DataSet\\cuboidaldrift\\Assets\\Scenes\\Levels\\Level12.unity",
      "Name": "Level12"
    },
    {
      "FilePath": "D:\\DatasetTesi\\DataSet\\cuboidaldrift\\Assets\\Scenes\\Levels\\Level11.unity",
      "Name": "Level11"
    },
    {
      "FilePath": "D:\\DatasetTesi\\DataSet\\cytoid\\Assets\\Packages\\Coffee\\UIExtensions\\MirrorReflectionEffectForUGUI\\Demo\\MirrorReflectionEffectForUGUI_Demo.unity",
      "Name": "MirrorReflectionEffectForUGUI_Demo"
    },
    {
      "FilePath": "D:\\DatasetTesi\\DataSet\\darkest-dungeon-unity\\Assets\\Photon Unity Networking\\Demos\\DemoRPGMovement\\DemoRPGMovement-Scene.unity",
      "Name": "DemoRPGMovement-Scene"
    },
    {
      "FilePath": "D:\\DatasetTesi\\DataSet\\darkest-dungeon-unity\\Assets\\Scenes\\Intro.unity",
      "Name": "Intro"
    },
    {
      "FilePath": "D:\\DatasetTesi\\DataSet\\darkest-dungeon-unity\\Assets\\Scenes\\CampaignSelection.unity",
      "Name": "CampaignSelection"
    },
    {
      "FilePath": "D:\\DatasetTesi\\DataSet\\egameplay\\Assets\\EGPsExamples\\TimelineScene\\TimelineScene.unity",
      "Name": "TimelineScene"
    },
    {
      "FilePath": "D:\\DatasetTesi\\DataSet1\\fungus\\Assets\\FungusExamples\\Variables\\Variables.unity",
      "Name": "Variables"
    },
    {
      "FilePath": "D:\\DatasetTesi\\DataSet1\\gold-player\\Assets\\Hertzole\\Gold Player\\Examples\\Animator\\Animator.unity",
      "Name": "Animator"
    },
    {
      "FilePath": "D:\\DatasetTesi\\DataSet1\\gold-player\\Assets\\Hertzole\\Gold Player\\WebGL Example\\Gold Player Tests\\Weapons Testing.unity",
      "Name": "Weapons Testing"
    },
    {
      "FilePath": "D:\\DatasetTesi\\DataSet1\\jcsunity\\Assets\\_RunningCrush\\Scenes\\RC_Level_01.unity",
      "Name": "RC_Level_01"
    },
    {
      "FilePath": "D:\\DatasetTesi\\DataSet1\\jcsunity\\Assets\\JCSUnity\\Scenes\\Demo\\2D\\JCS_SideScroller.unity",
      "Name": "JCS_SideScroller"
    },
    {
      "FilePath": "D:\\DatasetTesi\\DataSet1\\mapboxargame\\Assets\\Mapbox\\Examples\\2_AstronautGame\\AstronautGame.unity",
      "Name": "AstronautGame"
    },
    {
      "FilePath": "D:\\DatasetTesi\\DataSet1\\project-404\\Assets\\Scenes\\Game\\scn_main_menu.unity",
      "Name": "scn_main_menu"
    },
    {
      "FilePath": "D:\\DatasetTesi\\DataSet1\\project-404\\Assets\\Scenes\\Demo\\impact_site\\scn_impact_site.unity",
      "Name": "scn_impact_site"
    },
    {
      "FilePath": "D:\\DatasetTesi\\DataSet1\\snappable-meshes-pcg\\Assets\\Plugins\\NaughtyAttributes\\Samples\\DemoScene\\DemoScene.unity",
      "Name": "DemoScene"
    },
    {
      "FilePath": "D:\\DatasetTesi\\DataSet1\\voxelfield\\Assets\\Scenes\\Testing.unity",
      "Name": "Testing"
    },
    {
      "FilePath": "D:\\DatasetTesi\\DataSet1\\voxelfield\\Assets\\Scenes\\Map.unity",
      "Name": "Map"
    },
    {
      "FilePath": "D:\\DatasetTesi\\DataSet1\\warkingdoms\\Assets\\3rdParty\\Bought\\Hovl Studio\\Epic toon VFX 2\\Demo scene\\Demo Toon VFX 2.unity",
      "Name": "Demo Toon VFX 2"
    }
  ],
  "FILENAME": "SubOptimal_Expensive_Lights.json"
}