{
  "Name": "Too Many Key Frame",
  "Occurrency": 128,
  "Smells": [
    {
      "FileName": "D:\\DatasetTesi\\DataSet\\anyrpgcore\\Assets\\AnyRPG\\Core\\System\\Animation\\Animations\\Attacks\\AnyRPGRightStraightKick.anim",
      "Name": "AnyRPGRightStraightKick",
      "Type": "anim",
      "KeyFrames": 7
    },
    {
      "FileName": "D:\\DatasetTesi\\DataSet\\anyrpgcore\\Assets\\AnyRPG\\Core\\System\\Animation\\Animations\\AnyRPGCombatJogStrafeLeft.anim",
      "Name": "AnyRPGCombatJogStrafeLeft",
      "Type": "anim",
      "KeyFrames": 16
    },
    {
      "FileName": "D:\\DatasetTesi\\DataSet\\anyrpgcore\\Assets\\AnyRPG\\Core\\System\\Animation\\Animations\\Attacks\\AnyRPGLeftDownwardKneeKick.anim",
      "Name": "AnyRPGLeftDownwardKneeKick",
      "Type": "anim",
      "KeyFrames": 16
    },
    {
      "FileName": "D:\\DatasetTesi\\DataSet\\anyrpgcore\\Assets\\AnyRPG\\Core\\Content\\Animations\\Actions\\AnyRPGStunned2.anim",
      "Name": "AnyRPGStunned2",
      "Type": "anim",
      "KeyFrames": 29
    },
    {
      "FileName": "D:\\DatasetTesi\\DataSet\\anyrpgcore\\Assets\\AnyRPG\\Core\\System\\Animation\\Animations\\AnyRPGWalkStrafeForwardRight.anim",
      "Name": "AnyRPGWalkStrafeForwardRight",
      "Type": "anim",
      "KeyFrames": 17
    },
    {
      "FileName": "D:\\DatasetTesi\\DataSet\\anyrpgcore\\Assets\\AnyRPG\\Core\\System\\Animation\\Animations\\AnyRPGCombatJogStrafeBackLeft.anim",
      "Name": "AnyRPGCombatJogStrafeBackLeft",
      "Type": "anim",
      "KeyFrames": 22
    },
    {
      "FileName": "D:\\DatasetTesi\\DataSet\\anyrpgcore\\Assets\\AnyRPG\\Core\\System\\Animation\\Animations\\AnyRPGCombatJogBackward.anim",
      "Name": "AnyRPGCombatJogBackward",
      "Type": "anim",
      "KeyFrames": 26
    },
    {
      "FileName": "D:\\DatasetTesi\\DataSet\\anyrpgcore\\Assets\\AnyRPG\\Core\\Content\\Animations\\Casting\\AnyRPGCast2HForward6s.anim",
      "Name": "AnyRPGCast2HForward6s",
      "Type": "anim",
      "KeyFrames": 25
    },
    {
      "FileName": "D:\\DatasetTesi\\DataSet\\anyrpgcore\\Assets\\AnyRPG\\Core\\System\\Animation\\Animations\\AnyRPGJogStrafeBackLeft.anim",
      "Name": "AnyRPGJogStrafeBackLeft",
      "Type": "anim",
      "KeyFrames": 22
    },
    {
      "FileName": "D:\\DatasetTesi\\DataSet\\anyrpgcore\\Assets\\AnyRPG\\Core\\Content\\Animations\\Casting\\AnyRPGCast2HForward9.7s.anim",
      "Name": "AnyRPGCast2HForward9.7s",
      "Type": "anim",
      "KeyFrames": 38
    },
    {
      "FileName": "D:\\DatasetTesi\\DataSet\\anyrpgcore\\Assets\\AnyRPG\\Core\\Content\\Animations\\Actions\\AnyRPGFishingAndReeling.anim",
      "Name": "AnyRPGFishingAndReeling",
      "Type": "anim",
      "KeyFrames": 114
    },
    {
      "FileName": "D:\\DatasetTesi\\DataSet\\anyrpgcore\\Assets\\AnyRPG\\Core\\System\\Animation\\Animations\\Attacks\\AnyRPGRightHookPunch.anim",
      "Name": "AnyRPGRightHookPunch",
      "Type": "anim",
      "KeyFrames": 9
    },
    {
      "FileName": "D:\\DatasetTesi\\DataSet\\anyrpgcore\\Assets\\AnyRPG\\Core\\System\\Animation\\Animations\\AnyRPGCombatWalkStrafeForwardRight.anim",
      "Name": "AnyRPGCombatWalkStrafeForwardRight",
      "Type": "anim",
      "KeyFrames": 17
    },
    {
      "FileName": "D:\\DatasetTesi\\DataSet\\anyrpgcore\\Assets\\AnyRPG\\Core\\Games\\FeaturesDemoGame\\Animation\\CoreCutSceneAnimation.anim",
      "Name": "CoreCutSceneAnimation",
      "Type": "anim",
      "KeyFrames": 9
    },
    {
      "FileName": "D:\\DatasetTesi\\DataSet\\anyrpgcore\\Assets\\AnyRPG\\Core\\System\\Animation\\Animations\\AnyRPGWalkStrafeRight.anim",
      "Name": "AnyRPGWalkStrafeRight",
      "Type": "anim",
      "KeyFrames": 22
    },
    {
      "FileName": "D:\\DatasetTesi\\DataSet\\anyrpgcore\\Assets\\AnyRPG\\Core\\Content\\Animations\\Casting\\AnyRPGCast1HLeftUp2.7s.anim",
      "Name": "AnyRPGCast1HLeftUp2.7s",
      "Type": "anim",
      "KeyFrames": 16
    },
    {
      "FileName": "D:\\DatasetTesi\\DataSet\\anyrpgcore\\Assets\\AnyRPG\\Core\\System\\Animation\\Animations\\AnyRPGWalkStrafeLeft.anim",
      "Name": "AnyRPGWalkStrafeLeft",
      "Type": "anim",
      "KeyFrames": 22
    },
    {
      "FileName": "D:\\DatasetTesi\\DataSet\\anyrpgcore\\Assets\\AnyRPG\\Core\\System\\Animation\\Animations\\AnyRPGJogBackward.anim",
      "Name": "AnyRPGJogBackward",
      "Type": "anim",
      "KeyFrames": 26
    },
    {
      "FileName": "D:\\DatasetTesi\\DataSet\\anyrpgcore\\Assets\\AnyRPG\\Core\\System\\Animation\\Animations\\AnyRPGCombatJogStrafeRight.anim",
      "Name": "AnyRPGCombatJogStrafeRight",
      "Type": "anim",
      "KeyFrames": 16
    },
    {
      "FileName": "D:\\DatasetTesi\\DataSet\\anyrpgcore\\Assets\\AnyRPG\\Core\\Content\\Animations\\Attacks\\AnyRPGPunchJabCombo.anim",
      "Name": "AnyRPGPunchJabCombo",
      "Type": "anim",
      "KeyFrames": 13
    },
    {
      "FileName": "D:\\DatasetTesi\\DataSet\\anyrpgcore\\Assets\\AnyRPG\\Core\\Content\\Animations\\Attacks\\AnyRPGLeftRightComboPunch.anim",
      "Name": "AnyRPGLeftRightComboPunch",
      "Type": "anim",
      "KeyFrames": 7
    },
    {
      "FileName": "D:\\DatasetTesi\\DataSet\\anyrpgcore\\Assets\\AnyRPG\\Core\\Content\\Animations\\Attacks\\AnyRPGRightStraightKick3.anim",
      "Name": "AnyRPGRightStraightKick3",
      "Type": "anim",
      "KeyFrames": 12
    },
    {
      "FileName": "D:\\DatasetTesi\\DataSet\\anyrpgcore\\Assets\\AnyRPG\\Core\\System\\Animation\\Animations\\AnyRPGWalkForward.anim",
      "Name": "AnyRPGWalkForward",
      "Type": "anim",
      "KeyFrames": 19
    },
    {
      "FileName": "D:\\DatasetTesi\\DataSet\\anyrpgcore\\Assets\\AnyRPG\\Core\\System\\Animation\\Animations\\AnyRPGIdleTurnLeftSlow.anim",
      "Name": "AnyRPGIdleTurnLeftSlow",
      "Type": "anim",
      "KeyFrames": 23
    },
    {
      "FileName": "D:\\DatasetTesi\\DataSet\\anyrpgcore\\Assets\\AnyRPG\\Core\\System\\Animation\\Animations\\AnyRPGCombatIdle2.anim",
      "Name": "AnyRPGCombatIdle2",
      "Type": "anim",
      "KeyFrames": 18
    },
    {
      "FileName": "D:\\DatasetTesi\\DataSet\\anyrpgcore\\Assets\\AnyRPG\\Core\\System\\Animation\\Animations\\AnyRPGDeathFall.anim",
      "Name": "AnyRPGDeathFall",
      "Type": "anim",
      "KeyFrames": 8
    },
    {
      "FileName": "D:\\DatasetTesi\\DataSet\\anyrpgcore\\Assets\\AnyRPG\\Core\\Content\\Animations\\Actions\\AnyRPGHandMixingDough.anim",
      "Name": "AnyRPGHandMixingDough",
      "Type": "anim",
      "KeyFrames": 160
    },
    {
      "FileName": "D:\\DatasetTesi\\DataSet\\anyrpgcore\\Assets\\AnyRPG\\Core\\System\\Animation\\Animations\\AnyRPGGetUp.anim",
      "Name": "AnyRPGGetUp",
      "Type": "anim",
      "KeyFrames": 43
    },
    {
      "FileName": "D:\\DatasetTesi\\DataSet\\anyrpgcore\\Assets\\AnyRPG\\Core\\System\\Animation\\Animations\\AnyRPGJogStrafeLeft.anim",
      "Name": "AnyRPGJogStrafeLeft",
      "Type": "anim",
      "KeyFrames": 16
    },
    {
      "FileName": "D:\\DatasetTesi\\DataSet\\anyrpgcore\\Assets\\AnyRPG\\Core\\Content\\Animations\\Actions\\AnyRPGAlchemy.anim",
      "Name": "AnyRPGAlchemy",
      "Type": "anim",
      "KeyFrames": 58
    },
    {
      "FileName": "D:\\DatasetTesi\\DataSet\\anyrpgcore\\Assets\\AnyRPG\\Core\\Content\\Animations\\Actions\\AnyRPGKneelingDown.anim",
      "Name": "AnyRPGKneelingDown",
      "Type": "anim",
      "KeyFrames": 119
    },
    {
      "FileName": "D:\\DatasetTesi\\DataSet\\anyrpgcore\\Assets\\AnyRPG\\Core\\Content\\Animations\\Actions\\AnyRPGPickupPutOnShelf.anim",
      "Name": "AnyRPGPickupPutOnShelf",
      "Type": "anim",
      "KeyFrames": 12
    },
    {
      "FileName": "D:\\DatasetTesi\\DataSet\\anyrpgcore\\Assets\\AnyRPG\\Core\\System\\Animation\\Animations\\AnyRPGCombatWalkStrafeRight.anim",
      "Name": "AnyRPGCombatWalkStrafeRight",
      "Type": "anim",
      "KeyFrames": 22
    },
    {
      "FileName": "D:\\DatasetTesi\\DataSet\\anyrpgcore\\Assets\\AnyRPG\\Core\\Content\\Animations\\Casting\\AnyRPGCastForward5.8s.anim",
      "Name": "AnyRPGCastForward5.8s",
      "Type": "anim",
      "KeyFrames": 10
    },
    {
      "FileName": "D:\\DatasetTesi\\DataSet\\anyrpgcore\\Assets\\AnyRPG\\Core\\System\\Animation\\Animations\\AnyRPGCombatJogStrafeForwardLeft.anim",
      "Name": "AnyRPGCombatJogStrafeForwardLeft",
      "Type": "anim",
      "KeyFrames": 17
    },
    {
      "FileName": "D:\\DatasetTesi\\DataSet\\anyrpgcore\\Assets\\AnyRPG\\Core\\System\\Animation\\Animations\\AnyRPGCombatIdle.anim",
      "Name": "AnyRPGCombatIdle",
      "Type": "anim",
      "KeyFrames": 36
    },
    {
      "FileName": "D:\\DatasetTesi\\DataSet\\anyrpgcore\\Assets\\AnyRPG\\Core\\System\\Animation\\Animations\\AnyRPGJogStrafeBackRight.anim",
      "Name": "AnyRPGJogStrafeBackRight",
      "Type": "anim",
      "KeyFrames": 22
    },
    {
      "FileName": "D:\\DatasetTesi\\DataSet\\anyrpgcore\\Assets\\AnyRPG\\Core\\System\\Animation\\Animations\\AnyRPGDefaultCast.anim",
      "Name": "AnyRPGDefaultCast",
      "Type": "anim",
      "KeyFrames": 17
    },
    {
      "FileName": "D:\\DatasetTesi\\DataSet\\anyrpgcore\\Assets\\AnyRPG\\Core\\System\\Animation\\Animations\\AnyRPGCombatWalkStrafeBackLeft.anim",
      "Name": "AnyRPGCombatWalkStrafeBackLeft",
      "Type": "anim",
      "KeyFrames": 22
    },
    {
      "FileName": "D:\\DatasetTesi\\DataSet\\anyrpgcore\\Assets\\AnyRPG\\Core\\Content\\Animations\\Actions\\AnyRPGSawWood.anim",
      "Name": "AnyRPGSawWood",
      "Type": "anim",
      "KeyFrames": 193
    },
    {
      "FileName": "D:\\DatasetTesi\\DataSet\\anyrpgcore\\Assets\\AnyRPG\\Core\\Content\\Animations\\Attacks\\AnyRPG2HOverHeadChop2Hit.anim",
      "Name": "AnyRPG2HOverHeadChop2Hit",
      "Type": "anim",
      "KeyFrames": 74
    },
    {
      "FileName": "D:\\DatasetTesi\\DataSet\\anyrpgcore\\Assets\\AnyRPG\\Core\\Content\\Animations\\Actions\\AnyRPGStandingDrink3.8s.anim",
      "Name": "AnyRPGStandingDrink3.8s",
      "Type": "anim",
      "KeyFrames": 82
    },
    {
      "FileName": "D:\\DatasetTesi\\DataSet\\anyrpgcore\\Assets\\AnyRPG\\Core\\System\\Animation\\Animations\\AnyRPGIdleNeutral.anim",
      "Name": "AnyRPGIdleNeutral",
      "Type": "anim",
      "KeyFrames": 282
    },
    {
      "FileName": "D:\\DatasetTesi\\DataSet\\anyrpgcore\\Assets\\AnyRPG\\Core\\System\\Animation\\Animations\\AnyRPGWalkBackward.anim",
      "Name": "AnyRPGWalkBackward",
      "Type": "anim",
      "KeyFrames": 26
    },
    {
      "FileName": "D:\\DatasetTesi\\DataSet\\anyrpgcore\\Assets\\AnyRPG\\Core\\System\\Animation\\Animations\\AnyRPGCombatWalkStrafeBackRight.anim",
      "Name": "AnyRPGCombatWalkStrafeBackRight",
      "Type": "anim",
      "KeyFrames": 22
    },
    {
      "FileName": "D:\\DatasetTesi\\DataSet\\anyrpgcore\\Assets\\AnyRPG\\Core\\Content\\Animations\\Casting\\AnyRPGCast1HRightUp2.3s.anim",
      "Name": "AnyRPGCast1HRightUp2.3s",
      "Type": "anim",
      "KeyFrames": 13
    },
    {
      "FileName": "D:\\DatasetTesi\\DataSet\\anyrpgcore\\Assets\\AnyRPG\\Core\\System\\Animation\\Animations\\AnyRPGCombatWalkBackward.anim",
      "Name": "AnyRPGCombatWalkBackward",
      "Type": "anim",
      "KeyFrames": 26
    },
    {
      "FileName": "D:\\DatasetTesi\\DataSet\\anyrpgcore\\Assets\\AnyRPG\\Core\\System\\Animation\\Animations\\AnyRPGJogStrafeForwardLeft.anim",
      "Name": "AnyRPGJogStrafeForwardLeft",
      "Type": "anim",
      "KeyFrames": 17
    },
    {
      "FileName": "D:\\DatasetTesi\\DataSet\\anyrpgcore\\Assets\\AnyRPG\\Core\\Content\\Animations\\Actions\\AnyRPG2HChopWood2Hit.anim",
      "Name": "AnyRPG2HChopWood2Hit",
      "Type": "anim",
      "KeyFrames": 74
    },
    {
      "FileName": "D:\\DatasetTesi\\DataSet\\anyrpgcore\\Assets\\AnyRPG\\Core\\System\\Animation\\Animations\\AnyRPGCombatWalkStrafeLeft.anim",
      "Name": "AnyRPGCombatWalkStrafeLeft",
      "Type": "anim",
      "KeyFrames": 22
    },
    {
      "FileName": "D:\\DatasetTesi\\DataSet\\anyrpgcore\\Assets\\AnyRPG\\Core\\Content\\Animations\\Attacks\\AnyRPGShootBowAndArrow.anim",
      "Name": "AnyRPGShootBowAndArrow",
      "Type": "anim",
      "KeyFrames": 41
    },
    {
      "FileName": "D:\\DatasetTesi\\DataSet\\anyrpgcore\\Assets\\AnyRPG\\Core\\System\\Animation\\Animations\\AnyRPGCombatWalkStrafeForwardLeft.anim",
      "Name": "AnyRPGCombatWalkStrafeForwardLeft",
      "Type": "anim",
      "KeyFrames": 17
    },
    {
      "FileName": "D:\\DatasetTesi\\DataSet\\anyrpgcore\\Assets\\AnyRPG\\Core\\System\\Animation\\Animations\\AnyRPGWalkStrafeBackLeft.anim",
      "Name": "AnyRPGWalkStrafeBackLeft",
      "Type": "anim",
      "KeyFrames": 22
    },
    {
      "FileName": "D:\\DatasetTesi\\DataSet\\anyrpgcore\\Assets\\AnyRPG\\Core\\System\\Animation\\Animations\\AnyRPGWalkStrafeBackRight.anim",
      "Name": "AnyRPGWalkStrafeBackRight",
      "Type": "anim",
      "KeyFrames": 22
    },
    {
      "FileName": "D:\\DatasetTesi\\DataSet\\anyrpgcore\\Assets\\AnyRPG\\Core\\System\\Animation\\Animations\\AnyRPGCombatJogStrafeForwardRight.anim",
      "Name": "AnyRPGCombatJogStrafeForwardRight",
      "Type": "anim",
      "KeyFrames": 17
    },
    {
      "FileName": "D:\\DatasetTesi\\DataSet\\anyrpgcore\\Assets\\AnyRPG\\Core\\Content\\Animations\\Actions\\AnyRPGPickup.anim",
      "Name": "AnyRPGPickup",
      "Type": "anim",
      "KeyFrames": 8
    },
    {
      "FileName": "D:\\DatasetTesi\\DataSet\\anyrpgcore\\Assets\\AnyRPG\\Core\\System\\Animation\\Animations\\AnyRPGIdleTurnRightSlow.anim",
      "Name": "AnyRPGIdleTurnRightSlow",
      "Type": "anim",
      "KeyFrames": 23
    },
    {
      "FileName": "D:\\DatasetTesi\\DataSet\\anyrpgcore\\Assets\\AnyRPG\\Core\\System\\Animation\\Animations\\AnyRPGRiding.anim",
      "Name": "AnyRPGRiding",
      "Type": "anim",
      "KeyFrames": 15
    },
    {
      "FileName": "D:\\DatasetTesi\\DataSet\\anyrpgcore\\Assets\\AnyRPG\\Core\\System\\Animation\\Animations\\AnyRPGIdleTurnRightQuick.anim",
      "Name": "AnyRPGIdleTurnRightQuick",
      "Type": "anim",
      "KeyFrames": 33
    },
    {
      "FileName": "D:\\DatasetTesi\\DataSet\\anyrpgcore\\Assets\\AnyRPG\\Core\\Content\\Animations\\Casting\\AnyRPGCast2Hup3.2s.anim",
      "Name": "AnyRPGCast2Hup3.2s",
      "Type": "anim",
      "KeyFrames": 46
    },
    {
      "FileName": "D:\\DatasetTesi\\DataSet\\anyrpgcore\\Assets\\AnyRPG\\Core\\Content\\Animations\\Casting\\AnyRPGCast2HForward3s.anim",
      "Name": "AnyRPGCast2HForward3s",
      "Type": "anim",
      "KeyFrames": 12
    },
    {
      "FileName": "D:\\DatasetTesi\\DataSet\\anyrpgcore\\Assets\\AnyRPG\\Core\\Content\\Animations\\Actions\\AnyRPG2HChopWoodMultiHit.anim",
      "Name": "AnyRPG2HChopWoodMultiHit",
      "Type": "anim",
      "KeyFrames": 125
    },
    {
      "FileName": "D:\\DatasetTesi\\DataSet\\anyrpgcore\\Assets\\AnyRPG\\Core\\Content\\Animations\\Casting\\AnyRPGCast2HForward3sHit.anim",
      "Name": "AnyRPGCast2HForward3sHit",
      "Type": "anim",
      "KeyFrames": 12
    },
    {
      "FileName": "D:\\DatasetTesi\\DataSet\\anyrpgcore\\Assets\\AnyRPG\\Core\\Content\\Animations\\Actions\\AnyRPGSlicingBread.anim",
      "Name": "AnyRPGSlicingBread",
      "Type": "anim",
      "KeyFrames": 81
    },
    {
      "FileName": "D:\\DatasetTesi\\DataSet\\anyrpgcore\\Assets\\AnyRPG\\Core\\Content\\Animations\\Actions\\AnyRPGBreakDance.anim",
      "Name": "AnyRPGBreakDance",
      "Type": "anim",
      "KeyFrames": 315
    },
    {
      "FileName": "D:\\DatasetTesi\\DataSet\\anyrpgcore\\Assets\\AnyRPG\\Core\\System\\Animation\\Animations\\AnyRPGCombatJogStrafeBackRight.anim",
      "Name": "AnyRPGCombatJogStrafeBackRight",
      "Type": "anim",
      "KeyFrames": 22
    },
    {
      "FileName": "D:\\DatasetTesi\\DataSet\\anyrpgcore\\Assets\\AnyRPG\\Core\\Content\\Animations\\Casting\\AnyRPGCastLoop1s.anim",
      "Name": "AnyRPGCastLoop1s",
      "Type": "anim",
      "KeyFrames": 17
    },
    {
      "FileName": "D:\\DatasetTesi\\DataSet\\anyrpgcore\\Assets\\AnyRPG\\Core\\System\\Animation\\Animations\\AnyRPGJogStrafeRight.anim",
      "Name": "AnyRPGJogStrafeRight",
      "Type": "anim",
      "KeyFrames": 16
    },
    {
      "FileName": "D:\\DatasetTesi\\DataSet\\anyrpgcore\\Assets\\AnyRPG\\Core\\System\\Animation\\Animations\\AnyRPGWalkStrafeForwardLeft.anim",
      "Name": "AnyRPGWalkStrafeForwardLeft",
      "Type": "anim",
      "KeyFrames": 17
    },
    {
      "FileName": "D:\\DatasetTesi\\DataSet\\anyrpgcore\\Assets\\AnyRPG\\Core\\Content\\Animations\\Actions\\AnyRPGConducting.anim",
      "Name": "AnyRPGConducting",
      "Type": "anim",
      "KeyFrames": 400
    },
    {
      "FileName": "D:\\DatasetTesi\\DataSet\\anyrpgcore\\Assets\\AnyRPG\\Core\\System\\Animation\\Animations\\AnyRPGIdleTurnLeftQuick.anim",
      "Name": "AnyRPGIdleTurnLeftQuick",
      "Type": "anim",
      "KeyFrames": 33
    },
    {
      "FileName": "D:\\DatasetTesi\\DataSet\\anyrpgcore\\Assets\\AnyRPG\\Core\\System\\Animation\\Animations\\AnyRPGCombatWalkForward.anim",
      "Name": "AnyRPGCombatWalkForward",
      "Type": "anim",
      "KeyFrames": 19
    },
    {
      "FileName": "D:\\DatasetTesi\\DataSet\\anyrpgcore\\Assets\\AnyRPG\\Core\\Content\\Animations\\Casting\\AnyRPGCast2HWave4s.anim",
      "Name": "AnyRPGCast2HWave4s",
      "Type": "anim",
      "KeyFrames": 7
    },
    {
      "FileName": "D:\\DatasetTesi\\DataSet\\anyrpgcore\\Assets\\AnyRPG\\Core\\System\\Animation\\Animations\\AnyRPGJogStrafeForwardRight.anim",
      "Name": "AnyRPGJogStrafeForwardRight",
      "Type": "anim",
      "KeyFrames": 17
    },
    {
      "FileName": "D:\\DatasetTesi\\DataSet\\anyrpgcore\\Assets\\AnyRPG\\Core\\Content\\Animations\\Attacks\\AnyRPG2HOverHeadChop1Hit.anim",
      "Name": "AnyRPG2HOverHeadChop1Hit",
      "Type": "anim",
      "KeyFrames": 32
    },
    {
      "FileName": "D:\\DatasetTesi\\DataSet\\anyrpgcore\\Assets\\AnyRPG\\Core\\Content\\Animations\\Actions\\AnyRPGSewing.anim",
      "Name": "AnyRPGSewing",
      "Type": "anim",
      "KeyFrames": 139
    },
    {
      "FileName": "D:\\DatasetTesi\\DataSet\\anyrpgcore\\Assets\\AnyRPG\\Core\\Content\\Animations\\Actions\\AnyRPGCraftingHammering.anim",
      "Name": "AnyRPGCraftingHammering",
      "Type": "anim",
      "KeyFrames": 10
    },
    {
      "FileName": "D:\\DatasetTesi\\DataSet\\anyrpgcore\\Assets\\AnyRPG\\Core\\Content\\Animations\\Casting\\AnyRPGCast2HUp1.5s.anim",
      "Name": "AnyRPGCast2HUp1.5s",
      "Type": "anim",
      "KeyFrames": 25
    },
    {
      "FileName": "D:\\DatasetTesi\\DataSet\\ballance\\Assets\\Game\\Animations\\P_ExtraLife_Animation.anim",
      "Name": "P_ExtraLife_Animation",
      "Type": "anim",
      "KeyFrames": 7
    },
    {
      "FileName": "D:\\DatasetTesi\\DataSet\\ballance\\Assets\\Game\\Animations\\TranfoAnimation.anim",
      "Name": "TranfoAnimation",
      "Type": "anim",
      "KeyFrames": 7
    },
    {
      "FileName": "D:\\DatasetTesi\\DataSet\\battleofmages\\Assets\\Animations\\Land.anim",
      "Name": "Land",
      "Type": "anim",
      "KeyFrames": 14
    },
    {
      "FileName": "D:\\DatasetTesi\\DataSet\\battleofmages\\Assets\\Animations\\Backwards.anim",
      "Name": "Backwards",
      "Type": "anim",
      "KeyFrames": 18
    },
    {
      "FileName": "D:\\DatasetTesi\\DataSet\\battleofmages\\Assets\\Animations\\Stagger Big.anim",
      "Name": "Stagger Big",
      "Type": "anim",
      "KeyFrames": 9
    },
    {
      "FileName": "D:\\DatasetTesi\\DataSet\\battleofmages\\Assets\\Animations\\Jump.anim",
      "Name": "Jump",
      "Type": "anim",
      "KeyFrames": 51
    },
    {
      "FileName": "D:\\DatasetTesi\\DataSet\\battleofmages\\Assets\\Animations\\Idle.anim",
      "Name": "Idle",
      "Type": "anim",
      "KeyFrames": 13
    },
    {
      "FileName": "D:\\DatasetTesi\\DataSet\\battleofmages\\Assets\\Animations\\Run.anim",
      "Name": "Run",
      "Type": "anim",
      "KeyFrames": 17
    },
    {
      "FileName": "D:\\DatasetTesi\\DataSet\\battleofmages\\Assets\\Animations\\Magic Small.anim",
      "Name": "Magic Small",
      "Type": "anim",
      "KeyFrames": 15
    },
    {
      "FileName": "D:\\DatasetTesi\\DataSet\\battleofmages\\Assets\\Animations\\Block.anim",
      "Name": "Block",
      "Type": "anim",
      "KeyFrames": 40
    },
    {
      "FileName": "D:\\DatasetTesi\\DataSet\\battleofmages\\Assets\\Animations\\Death.anim",
      "Name": "Death",
      "Type": "anim",
      "KeyFrames": 25
    },
    {
      "FileName": "D:\\DatasetTesi\\DataSet\\battleofmages\\Assets\\Animations\\Magic Big.anim",
      "Name": "Magic Big",
      "Type": "anim",
      "KeyFrames": 15
    },
    {
      "FileName": "D:\\DatasetTesi\\DataSet\\battleofmages\\Assets\\Animations\\Fly.anim",
      "Name": "Fly",
      "Type": "anim",
      "KeyFrames": 31
    },
    {
      "FileName": "D:\\DatasetTesi\\DataSet\\battleofmages\\Assets\\Animations\\Dance.anim",
      "Name": "Dance",
      "Type": "anim",
      "KeyFrames": 30
    },
    {
      "FileName": "D:\\DatasetTesi\\DataSet\\cosmosframework\\Assets\\Examples\\AssetBundleTest\\Model\\LM_XBotWalking.anim",
      "Name": "LM_XBotWalking",
      "Type": "anim",
      "KeyFrames": 9
    },
    {
      "FileName": "D:\\DatasetTesi\\DataSet\\cosmosframework\\Assets\\Examples\\AssetBundleTest\\Model\\LM_YBotIdle.anim",
      "Name": "LM_YBotIdle",
      "Type": "anim",
      "KeyFrames": 12
    },
    {
      "FileName": "D:\\DatasetTesi\\DataSet\\cosmosframework\\Assets\\Examples\\AssetBundleTest\\Model\\LM_XBotIdle.anim",
      "Name": "LM_XBotIdle",
      "Type": "anim",
      "KeyFrames": 16
    },
    {
      "FileName": "D:\\DatasetTesi\\DataSet\\cosmosframework\\Assets\\Examples\\AssetBundleTest\\Model\\LM_YBotWalk.anim",
      "Name": "LM_YBotWalk",
      "Type": "anim",
      "KeyFrames": 14
    },
    {
      "FileName": "D:\\DatasetTesi\\DataSet1\\gold-player\\Assets\\Hertzole\\Gold Player\\Examples\\Animator\\Animations\\Player\\PlayerRunForward.anim",
      "Name": "PlayerRunForward",
      "Type": "anim",
      "KeyFrames": 7
    },
    {
      "FileName": "D:\\DatasetTesi\\DataSet1\\nsmb-mariovsluigi\\Assets\\Animations\\PropellerSpinner\\propmushroom.anim",
      "Name": "propmushroom",
      "Type": "anim",
      "KeyFrames": 8
    },
    {
      "FileName": "D:\\DatasetTesi\\DataSet1\\nsmb-mariovsluigi\\Assets\\Animations\\WorldElements\\Bumping\\brick_down.anim",
      "Name": "brick_down",
      "Type": "anim",
      "KeyFrames": 7
    },
    {
      "FileName": "D:\\DatasetTesi\\DataSet1\\nsmb-mariovsluigi\\Assets\\Animations\\WorldElements\\Coin\\coinfromblock.anim",
      "Name": "coinfromblock",
      "Type": "anim",
      "KeyFrames": 14
    },
    {
      "FileName": "D:\\DatasetTesi\\DataSet1\\nsmb-mariovsluigi\\Assets\\Animations\\WorldElements\\Coin\\coinfromblock_gp.anim",
      "Name": "coinfromblock_gp",
      "Type": "anim",
      "KeyFrames": 7
    },
    {
      "FileName": "D:\\DatasetTesi\\DataSet1\\nsmb-mariovsluigi\\Assets\\Animations\\WorldElements\\Bumping\\brick.anim",
      "Name": "brick",
      "Type": "anim",
      "KeyFrames": 7
    },
    {
      "FileName": "D:\\DatasetTesi\\DataSet1\\nsmb-mariovsluigi\\Assets\\Animations\\WorldElements\\MovingTiles\\Squisher.anim",
      "Name": "Squisher",
      "Type": "anim",
      "KeyFrames": 7
    },
    {
      "FileName": "D:\\DatasetTesi\\DataSet1\\nsmb-mariovsluigi\\Assets\\Animations\\Menu\\starspawn.anim",
      "Name": "starspawn",
      "Type": "anim",
      "KeyFrames": 11
    },
    {
      "FileName": "D:\\DatasetTesi\\DataSet1\\project-404\\Assets\\Animations\\Objects\\Onion\\Discovery.anim",
      "Name": "Discovery",
      "Type": "anim",
      "KeyFrames": 23
    },
    {
      "FileName": "D:\\DatasetTesi\\DataSet1\\project-404\\Assets\\Animations\\GUI\\Common\\Anim_cmn_pulse_1sec.anim",
      "Name": "Anim_cmn_pulse_1sec",
      "Type": "anim",
      "KeyFrames": 7
    },
    {
      "FileName": "D:\\DatasetTesi\\DataSet1\\project-404\\Assets\\Animations\\Objects\\Enemies\\FieryBlowhog\\fieryBlowhogDeath.anim",
      "Name": "fieryBlowhogDeath",
      "Type": "anim",
      "KeyFrames": 7
    },
    {
      "FileName": "D:\\DatasetTesi\\DataSet1\\project-404\\Assets\\Animations\\Objects\\Enemies\\Posies\\New\\1\\death_1.anim",
      "Name": "death_1",
      "Type": "anim",
      "KeyFrames": 14
    },
    {
      "FileName": "D:\\DatasetTesi\\DataSet1\\project-404\\Assets\\Animations\\Objects\\Onion\\Takeoff.anim",
      "Name": "Takeoff",
      "Type": "anim",
      "KeyFrames": 10
    },
    {
      "FileName": "D:\\DatasetTesi\\DataSet1\\project-404\\Assets\\Models\\Objects\\Ship\\anim_Idle.anim",
      "Name": "anim_Idle",
      "Type": "anim",
      "KeyFrames": 25
    },
    {
      "FileName": "D:\\DatasetTesi\\DataSet1\\project-404\\Assets\\Animations\\Objects\\Enemies\\Posies\\New\\1\\hitunder_1.anim",
      "Name": "hitunder_1",
      "Type": "anim",
      "KeyFrames": 7
    },
    {
      "FileName": "D:\\DatasetTesi\\DataSet1\\project-404\\Assets\\Animations\\Objects\\Pikmin\\Thrown.anim",
      "Name": "Thrown",
      "Type": "anim",
      "KeyFrames": 11
    },
    {
      "FileName": "D:\\DatasetTesi\\DataSet1\\project-404\\Assets\\Models\\Objects\\Ship\\anim_Absorb.anim",
      "Name": "anim_Absorb",
      "Type": "anim",
      "KeyFrames": 12
    },
    {
      "FileName": "D:\\DatasetTesi\\DataSet1\\project-404\\Assets\\Animations\\GUI\\Common\\Anim_cmn_pulse.anim",
      "Name": "Anim_cmn_pulse",
      "Type": "anim",
      "KeyFrames": 7
    },
    {
      "FileName": "D:\\DatasetTesi\\DataSet1\\project-404\\Assets\\P1\\Wait-Loop.anim",
      "Name": "Wait-Loop",
      "Type": "anim",
      "KeyFrames": 8
    },
    {
      "FileName": "D:\\DatasetTesi\\DataSet1\\project-404\\Assets\\Animations\\Objects\\Pikmin\\Attack.anim",
      "Name": "Attack",
      "Type": "anim",
      "KeyFrames": 8
    },
    {
      "FileName": "D:\\DatasetTesi\\DataSet1\\project-404\\Assets\\Animations\\Objects\\Enemies\\Posies\\New\\1\\grow_1.anim",
      "Name": "grow_1",
      "Type": "anim",
      "KeyFrames": 19
    },
    {
      "FileName": "D:\\DatasetTesi\\DataSet1\\ss3d\\Assets\\Content\\Entities\\Silicon\\Engineer Borg\\Idle.anim",
      "Name": "Idle",
      "Type": "anim",
      "KeyFrames": 7
    },
    {
      "FileName": "D:\\DatasetTesi\\DataSet1\\voxelfield\\Assets\\Animations\\Gun\\Bolt Action Fire.anim",
      "Name": "Bolt Action Fire",
      "Type": "anim",
      "KeyFrames": 7
    },
    {
      "FileName": "D:\\DatasetTesi\\DataSet1\\voxelfield\\Assets\\Animations\\Gun\\Gun Reload.anim",
      "Name": "Gun Reload",
      "Type": "anim",
      "KeyFrames": 9
    },
    {
      "FileName": "D:\\DatasetTesi\\DataSet1\\warkingdoms\\Assets\\3rdParty\\Bought\\Hovl Studio\\Epic toon VFX 2\\Demo scene\\Demo scene hero\\Front attack.anim",
      "Name": "Front attack",
      "Type": "anim",
      "KeyFrames": 83
    },
    {
      "FileName": "D:\\DatasetTesi\\DataSet1\\warkingdoms\\Assets\\3rdParty\\Bought\\Hovl Studio\\Epic toon VFX 2\\Demo scene\\Demo scene hero\\Water spell.anim",
      "Name": "Water spell",
      "Type": "anim",
      "KeyFrames": 69
    },
    {
      "FileName": "D:\\DatasetTesi\\DataSet1\\warkingdoms\\Assets\\3rdParty\\Bought\\Bitgem\\Human_RTS_Pack\\Animation\\rotate_saw.anim",
      "Name": "rotate_saw",
      "Type": "anim",
      "KeyFrames": 61
    },
    {
      "FileName": "D:\\DatasetTesi\\DataSet1\\warkingdoms\\Assets\\3rdParty\\Bought\\Hovl Studio\\Epic toon VFX 2\\Demo scene\\Demo scene hero\\Sharks.anim",
      "Name": "Sharks",
      "Type": "anim",
      "KeyFrames": 86
    },
    {
      "FileName": "D:\\DatasetTesi\\DataSet1\\warkingdoms\\Assets\\3rdParty\\Bought\\Hovl Studio\\Epic toon VFX 2\\Demo scene\\Demo scene hero\\Combo punches.anim",
      "Name": "Combo punches",
      "Type": "anim",
      "KeyFrames": 121
    },
    {
      "FileName": "D:\\DatasetTesi\\DataSet1\\warkingdoms\\Assets\\3rdParty\\Bought\\Bitgem\\Orc_RTS_Pack\\Animation\\rotate_saw.anim",
      "Name": "rotate_saw",
      "Type": "anim",
      "KeyFrames": 61
    },
    {
      "FileName": "D:\\DatasetTesi\\DataSet1\\warkingdoms\\Assets\\3rdParty\\Bought\\Hovl Studio\\Epic toon VFX 2\\Demo scene\\Demo scene hero\\Laser.anim",
      "Name": "Laser",
      "Type": "anim",
      "KeyFrames": 91
    },
    {
      "FileName": "D:\\DatasetTesi\\DataSet1\\warkingdoms\\Assets\\3rdParty\\Bought\\Hovl Studio\\Epic toon VFX 2\\Demo scene\\Demo scene hero\\Standing.anim",
      "Name": "Standing",
      "Type": "anim",
      "KeyFrames": 56
    }
  ],
  "FILENAME": "Too_Many_Key_Frame.json"
}