{
  "Name": "Singleton Pattern",
  "Occurrency": 20,
  "Smells": [
    {
      "Script": "D:\\DatasetTesi\\DataSet\\bdframework.core\\Packages\\com.popo.bdframework\\3rdPlugins\\UniTask\\Runtime\\UniTaskCompletionSource.cs",
      "Class": "Cysharp.Threading.Tasks.AutoResetUniTaskCompletionSource"
    },
    {
      "Script": "D:\\DatasetTesi\\DataSet\\bdframework.core\\Packages\\com.popo.bdframework\\3rdPlugins\\UniTask\\Runtime\\UniTaskCompletionSource.cs",
      "Class": "Cysharp.Threading.Tasks.AutoResetUniTaskCompletionSource<T>"
    },
    {
      "Script": "D:\\DatasetTesi\\DataSet\\bdframework.core\\Packages\\com.popo.bdframework\\3rdPlugins\\UniTask\\Runtime\\CompilerServices\\StateMachineRunner.cs",
      "Class": "Cysharp.Threading.Tasks.CompilerServices.AsyncUniTask<TStateMachine>"
    },
    {
      "Script": "D:\\DatasetTesi\\DataSet\\bdframework.core\\Packages\\com.popo.bdframework\\3rdPlugins\\UniTask\\Runtime\\CompilerServices\\StateMachineRunner.cs",
      "Class": "Cysharp.Threading.Tasks.CompilerServices.AsyncUniTask<TStateMachine, T>"
    },
    {
      "Script": "D:\\DatasetTesi\\DataSet\\bundlemaster_integrateettask\\Assets\\BundleMaster\\ETTaskAsync\\ETTask.cs",
      "Class": "ET.ETTask"
    },
    {
      "Script": "D:\\DatasetTesi\\DataSet\\bundlemaster_integrateettask\\Assets\\BundleMaster\\ETTaskAsync\\ETTask.cs",
      "Class": "ET.ETTask<T>"
    },
    {
      "Script": "D:\\DatasetTesi\\DataSet\\cytoid\\Assets\\Plugins\\UniRx\\Scripts\\UnityEngineBridge\\Diagnostics\\ObservableLogger.cs",
      "Class": "UniRx.Diagnostics.ObservableLogger"
    },
    {
      "Script": "D:\\DatasetTesi\\DataSet\\fanren\\Assets\\Script\\MyDBManager.cs",
      "Class": "MyDBManager"
    },
    {
      "Script": "D:\\DatasetTesi\\DataSet1\\jcsunity\\Assets\\JCSUnity\\Scripts\\Network\\Codec\\JCS_CodecFactory.cs",
      "Class": "JCSUnity.JCS_CodecFactory"
    },
    {
      "Script": "D:\\DatasetTesi\\DataSet1\\lcc\\Assets\\3rdPlugins\\ETTask\\ETTask.cs",
      "Class": "ET.ETTask"
    },
    {
      "Script": "D:\\DatasetTesi\\DataSet1\\lcc\\Assets\\3rdPlugins\\ETTask\\ETTask.cs",
      "Class": "ET.ETTask<T>"
    },
    {
      "Script": "D:\\DatasetTesi\\DataSet1\\project-404\\Assets\\External Assets\\AstarPathfindingProject\\Core\\AstarPath.cs",
      "Class": "AstarPath"
    },
    {
      "Script": "D:\\DatasetTesi\\DataSet1\\sanandreasunity\\Assets\\Scripts\\Importing\\RenderWareStream\\Section.cs",
      "Class": "SanAndreasUnity.Importing.RenderWareStream.SectionData"
    },
    {
      "Script": "D:\\DatasetTesi\\DataSet1\\sanandreasunity\\Assets\\Scripts\\Importing\\Vehicles\\CarColors.cs",
      "Class": "SanAndreasUnity.Importing.Vehicles.CarColors"
    },
    {
      "Script": "D:\\DatasetTesi\\DataSet1\\sanandreasunity\\Assets\\Scripts\\Networking\\Player.cs",
      "Class": "SanAndreasUnity.Net.Player"
    },
    {
      "Script": "D:\\DatasetTesi\\DataSet1\\simulator\\Assets\\Plugins\\websocket-sharp\\Net\\EndPointManager.cs",
      "Class": "WebSocketSharp.Net.EndPointManager"
    },
    {
      "Script": "D:\\DatasetTesi\\DataSet1\\simulator\\Assets\\Plugins\\websocket-sharp\\Net\\WebHeaderCollection.cs",
      "Class": "WebSocketSharp.Net.WebHeaderCollection"
    },
    {
      "Script": "D:\\DatasetTesi\\DataSet1\\simulator\\Packages\\com.unity.render-pipelines.high-definition\\Editor\\Wizard\\HDProjectSettings.cs",
      "Class": "UnityEditor.Rendering.HighDefinition.HDProjectSettings"
    },
    {
      "Script": "D:\\DatasetTesi\\DataSet1\\towerdefense-gameframework-demo\\Assets\\GameFramework\\Libraries\\GameFramework\\FileSystem\\FileSystem.cs",
      "Class": "GameFramework.FileSystem.FileSystem"
    },
    {
      "Script": "D:\\DatasetTesi\\DataSet1\\unitytutorials-rts\\Assets\\Scripts\\GameData.cs",
      "Class": "GameData"
    }
  ],
  "FILENAME": "Singleton_Pattern.json"
}