ProjectName;FilePath;SmellType;Line
aitd-roomviewer;/home/videogames/EvoAnalysis/StarterCSV/progetto1/aitd-roomviewer/Assets/Scripts/DosBox/DosBox.cs;Weak Temporization;541
aitd-roomviewer;/home/videogames/EvoAnalysis/StarterCSV/progetto1/aitd-roomviewer/Assets/Scripts/DosBox/WarpDialog.cs;Weak Temporization;31
aitd-roomviewer;/home/videogames/EvoAnalysis/StarterCSV/progetto1/aitd-roomviewer/Assets/Scripts/Room/RoomLoader.cs;Weak Temporization;448
aitd-roomviewer;/home/videogames/EvoAnalysis/StarterCSV/progetto1/aitd-roomviewer/Assets/Scripts/Model/ModelLoader.cs;Weak Temporization;1019
aitd-roomviewer;/home/videogames/EvoAnalysis/StarterCSV/progetto1/aitd-roomviewer/Assets/Scripts/DosBox/DosBox.cs;Dependency Between Objects;11
aitd-roomviewer;/home/videogames/EvoAnalysis/StarterCSV/progetto1/aitd-roomviewer/Assets/Scripts/DosBox/DosBox.cs;Dependency Between Objects;13
aitd-roomviewer;/home/videogames/EvoAnalysis/StarterCSV/progetto1/aitd-roomviewer/Assets/Scripts/DosBox/DosBox.cs;Dependency Between Objects;14
aitd-roomviewer;/home/videogames/EvoAnalysis/StarterCSV/progetto1/aitd-roomviewer/Assets/Scripts/DosBox/DosBox.cs;Dependency Between Objects;15
aitd-roomviewer;/home/videogames/EvoAnalysis/StarterCSV/progetto1/aitd-roomviewer/Assets/Scripts/DosBox/DosBox.cs;Dependency Between Objects;23
aitd-roomviewer;/home/videogames/EvoAnalysis/StarterCSV/progetto1/aitd-roomviewer/Assets/Scripts/DosBox/DosBox.cs;Dependency Between Objects;24
aitd-roomviewer;/home/videogames/EvoAnalysis/StarterCSV/progetto1/aitd-roomviewer/Assets/Scripts/DosBox/DosBox.cs;Dependency Between Objects;31
aitd-roomviewer;/home/videogames/EvoAnalysis/StarterCSV/progetto1/aitd-roomviewer/Assets/Scripts/DosBox/DosBox.cs;Dependency Between Objects;32
aitd-roomviewer;/home/videogames/EvoAnalysis/StarterCSV/progetto1/aitd-roomviewer/Assets/Scripts/DosBox/DosBox.cs;Dependency Between Objects;59
aitd-roomviewer;/home/videogames/EvoAnalysis/StarterCSV/progetto1/aitd-roomviewer/Assets/Scripts/DosBox/DosBox.cs;Dependency Between Objects;60
aitd-roomviewer;/home/videogames/EvoAnalysis/StarterCSV/progetto1/aitd-roomviewer/Assets/Scripts/DosBox/WarpDialog.cs;Dependency Between Objects;12
aitd-roomviewer;/home/videogames/EvoAnalysis/StarterCSV/progetto1/aitd-roomviewer/Assets/Scripts/DosBox/WarpDialog.cs;Dependency Between Objects;21
aitd-roomviewer;/home/videogames/EvoAnalysis/StarterCSV/progetto1/aitd-roomviewer/Assets/Scripts/DosBox/WarpDialog.cs;Dependency Between Objects;23
aitd-roomviewer;/home/videogames/EvoAnalysis/StarterCSV/progetto1/aitd-roomviewer/Assets/Scripts/Room/RoomLoader.cs;Dependency Between Objects;24
aitd-roomviewer;/home/videogames/EvoAnalysis/StarterCSV/progetto1/aitd-roomviewer/Assets/Scripts/Room/RoomLoader.cs;Dependency Between Objects;26
aitd-roomviewer;/home/videogames/EvoAnalysis/StarterCSV/progetto1/aitd-roomviewer/Assets/Scripts/Room/RoomLoader.cs;Dependency Between Objects;27
aitd-roomviewer;/home/videogames/EvoAnalysis/StarterCSV/progetto1/aitd-roomviewer/Assets/Scripts/Room/RoomLoader.cs;Dependency Between Objects;33
aitd-roomviewer;/home/videogames/EvoAnalysis/StarterCSV/progetto1/aitd-roomviewer/Assets/Scripts/Room/RoomLoader.cs;Dependency Between Objects;36
aitd-roomviewer;/home/videogames/EvoAnalysis/StarterCSV/progetto1/aitd-roomviewer/Assets/Scripts/Room/RoomLoader.cs;Dependency Between Objects;37
aitd-roomviewer;/home/videogames/EvoAnalysis/StarterCSV/progetto1/aitd-roomviewer/Assets/Scripts/Room/RoomLoader.cs;Dependency Between Objects;39
aitd-roomviewer;/home/videogames/EvoAnalysis/StarterCSV/progetto1/aitd-roomviewer/Assets/Scripts/Room/RoomLoader.cs;Dependency Between Objects;40
aitd-roomviewer;/home/videogames/EvoAnalysis/StarterCSV/progetto1/aitd-roomviewer/Assets/Scripts/Room/RoomLoader.cs;Dependency Between Objects;41
aitd-roomviewer;/home/videogames/EvoAnalysis/StarterCSV/progetto1/aitd-roomviewer/Assets/Scripts/Room/RoomLoader.cs;Dependency Between Objects;49
aitd-roomviewer;/home/videogames/EvoAnalysis/StarterCSV/progetto1/aitd-roomviewer/Assets/Scripts/Room/RoomLoader.cs;Dependency Between Objects;50
aitd-roomviewer;/home/videogames/EvoAnalysis/StarterCSV/progetto1/aitd-roomviewer/Assets/Scripts/Room/RoomLoader.cs;Dependency Between Objects;52
aitd-roomviewer;/home/videogames/EvoAnalysis/StarterCSV/progetto1/aitd-roomviewer/Assets/Scripts/Room/RoomLoader.cs;Dependency Between Objects;53
aitd-roomviewer;/home/videogames/EvoAnalysis/StarterCSV/progetto1/aitd-roomviewer/Assets/Scripts/Room/RoomLoader.cs;Dependency Between Objects;54
aitd-roomviewer;/home/videogames/EvoAnalysis/StarterCSV/progetto1/aitd-roomviewer/Assets/Scripts/Room/RoomLoader.cs;Dependency Between Objects;55
aitd-roomviewer;/home/videogames/EvoAnalysis/StarterCSV/progetto1/aitd-roomviewer/Assets/Scripts/Room/RoomLoader.cs;Dependency Between Objects;56
aitd-roomviewer;/home/videogames/EvoAnalysis/StarterCSV/progetto1/aitd-roomviewer/Assets/Scripts/Room/Box.cs;Dependency Between Objects;56
aitd-roomviewer;/home/videogames/EvoAnalysis/StarterCSV/progetto1/aitd-roomviewer/Assets/Scripts/Room/Box.cs;Dependency Between Objects;57
aitd-roomviewer;/home/videogames/EvoAnalysis/StarterCSV/progetto1/aitd-roomviewer/Assets/Scripts/Room/Box.cs;Dependency Between Objects;67
aitd-roomviewer;/home/videogames/EvoAnalysis/StarterCSV/progetto1/aitd-roomviewer/Assets/Scripts/Room/Box.cs;Dependency Between Objects;68
aitd-roomviewer;/home/videogames/EvoAnalysis/StarterCSV/progetto1/aitd-roomviewer/Assets/Scripts/Model/Frame.cs;Dependency Between Objects;8
aitd-roomviewer;/home/videogames/EvoAnalysis/StarterCSV/progetto1/aitd-roomviewer/Assets/Scripts/Model/ModelLoader.cs;Dependency Between Objects;20
aitd-roomviewer;/home/videogames/EvoAnalysis/StarterCSV/progetto1/aitd-roomviewer/Assets/Scripts/Model/ModelLoader.cs;Dependency Between Objects;30
aitd-roomviewer;/home/videogames/EvoAnalysis/StarterCSV/progetto1/aitd-roomviewer/Assets/Scripts/Model/ModelLoader.cs;Dependency Between Objects;64
aitd-roomviewer;/home/videogames/EvoAnalysis/StarterCSV/progetto1/aitd-roomviewer/Assets/Scripts/Model/ModelLoader.cs;Dependency Between Objects;65
aitd-roomviewer;/home/videogames/EvoAnalysis/StarterCSV/progetto1/aitd-roomviewer/Assets/Scripts/Model/ModelLoader.cs;Dependency Between Objects;66
aitd-roomviewer;/home/videogames/EvoAnalysis/StarterCSV/progetto1/aitd-roomviewer/Assets/Scripts/Model/ModelLoader.cs;Dependency Between Objects;67
aitd-roomviewer;/home/videogames/EvoAnalysis/StarterCSV/progetto1/aitd-roomviewer/Assets/Scripts/DosBox/ExchangeSlot.cs;Dependency Between Objects;10
aitd-roomviewer;/home/videogames/EvoAnalysis/StarterCSV/progetto1/aitd-roomviewer/Assets/Scripts/DosBox/ExchangeSlot.cs;Dependency Between Objects;142
aitd-roomviewer;/home/videogames/EvoAnalysis/StarterCSV/progetto1/aitd-roomviewer/Assets/Scripts/DosBox/DosBox.cs;Dependency Between Objects;431
aitd-roomviewer;/home/videogames/EvoAnalysis/StarterCSV/progetto1/aitd-roomviewer/Assets/Scripts/DosBox/DosBox.cs;Dependency Between Objects;461
aitd-roomviewer;/home/videogames/EvoAnalysis/StarterCSV/progetto1/aitd-roomviewer/Assets/Scripts/DosBox/DosBox.cs;Dependency Between Objects;703
aitd-roomviewer;/home/videogames/EvoAnalysis/StarterCSV/progetto1/aitd-roomviewer/Assets/Scripts/DosBox/DosBox.cs;Dependency Between Objects;881
aitd-roomviewer;/home/videogames/EvoAnalysis/StarterCSV/progetto1/aitd-roomviewer/Assets/Scripts/DosBox/WarpDialog.cs;Dependency Between Objects;52
aitd-roomviewer;/home/videogames/EvoAnalysis/StarterCSV/progetto1/aitd-roomviewer/Assets/Scripts/DosBox/WarpDialog.cs;Dependency Between Objects;130
aitd-roomviewer;/home/videogames/EvoAnalysis/StarterCSV/progetto1/aitd-roomviewer/Assets/Scripts/DosBox/WarpDialog.cs;Dependency Between Objects;143
aitd-roomviewer;/home/videogames/EvoAnalysis/StarterCSV/progetto1/aitd-roomviewer/Assets/Scripts/DosBox/WarpDialog.cs;Dependency Between Objects;199
aitd-roomviewer;/home/videogames/EvoAnalysis/StarterCSV/progetto1/aitd-roomviewer/Assets/Scripts/DosBox/WarpDialog.cs;Dependency Between Objects;210
aitd-roomviewer;/home/videogames/EvoAnalysis/StarterCSV/progetto1/aitd-roomviewer/Assets/Scripts/DosBox/WarpDialog.cs;Dependency Between Objects;222
aitd-roomviewer;/home/videogames/EvoAnalysis/StarterCSV/progetto1/aitd-roomviewer/Assets/Scripts/DosBox/WarpDialog.cs;Dependency Between Objects;235
aitd-roomviewer;/home/videogames/EvoAnalysis/StarterCSV/progetto1/aitd-roomviewer/Assets/Scripts/DosBox/WarpDialog.cs;Dependency Between Objects;288
aitd-roomviewer;/home/videogames/EvoAnalysis/StarterCSV/progetto1/aitd-roomviewer/Assets/Scripts/DosBox/WarpDialog.cs;Dependency Between Objects;302
aitd-roomviewer;/home/videogames/EvoAnalysis/StarterCSV/progetto1/aitd-roomviewer/Assets/Scripts/Room/CameraHelper.cs;Dependency Between Objects;25
aitd-roomviewer;/home/videogames/EvoAnalysis/StarterCSV/progetto1/aitd-roomviewer/Assets/Scripts/Room/Box.cs;Dependency Between Objects;272
aitd-roomviewer;/home/videogames/EvoAnalysis/StarterCSV/progetto1/aitd-roomviewer/Assets/Scripts/Model/ModelLoader.cs;Dependency Between Objects;586
aitd-roomviewer;/home/videogames/EvoAnalysis/StarterCSV/progetto1/aitd-roomviewer/Assets/Scripts/Room/RoomLoader.cs;Lack of separation of concern;NP
aitd-roomviewer;/home/videogames/EvoAnalysis/StarterCSV/progetto1/aitd-roomviewer/Assets/Scripts/Model/ModelLoader.cs;Lack of separation of concern;NP
aitd-roomviewer;/home/videogames/EvoAnalysis/StarterCSV/progetto1/aitd-roomviewer/Assets/Scripts/DosBox/DosBox.cs;Poor State Design;557
aitd-roomviewer;/home/videogames/EvoAnalysis/StarterCSV/progetto1/aitd-roomviewer/Assets/Scripts/DosBox/DosBox.cs;Poor State Design;557
aitd-roomviewer;/home/videogames/EvoAnalysis/StarterCSV/progetto1/aitd-roomviewer/Assets/Scripts/DosBox/WarpDialog.cs;Poor State Design;55
aitd-roomviewer;/home/videogames/EvoAnalysis/StarterCSV/progetto1/aitd-roomviewer/Assets/Scripts/DosBox/WarpDialog.cs;Poor State Design;33
aitd-roomviewer;/home/videogames/EvoAnalysis/StarterCSV/progetto1/aitd-roomviewer/Assets/Scripts/DosBox/WarpDialog.cs;Poor State Design;45
aitd-roomviewer;/home/videogames/EvoAnalysis/StarterCSV/progetto1/aitd-roomviewer/Assets/Scripts/DosBox/WarpDialog.cs;Poor State Design;45
aitd-roomviewer;/home/videogames/EvoAnalysis/StarterCSV/progetto1/aitd-roomviewer/Assets/Scripts/Room/RoomLoader.cs;Poor State Design;632
aitd-roomviewer;/home/videogames/EvoAnalysis/StarterCSV/progetto1/aitd-roomviewer/Assets/Scripts/Room/RoomLoader.cs;Poor State Design;632
aitd-roomviewer;/home/videogames/EvoAnalysis/StarterCSV/progetto1/aitd-roomviewer/Assets/Scripts/Room/RoomLoader.cs;Poor State Design;675
aitd-roomviewer;/home/videogames/EvoAnalysis/StarterCSV/progetto1/aitd-roomviewer/Assets/Scripts/Room/RoomLoader.cs;Poor State Design;640
aitd-roomviewer;/home/videogames/EvoAnalysis/StarterCSV/progetto1/aitd-roomviewer/Assets/Scripts/Room/RoomLoader.cs;Poor State Design;642
aitd-roomviewer;/home/videogames/EvoAnalysis/StarterCSV/progetto1/aitd-roomviewer/Assets/Scripts/Room/RoomLoader.cs;Poor State Design;645
aitd-roomviewer;/home/videogames/EvoAnalysis/StarterCSV/progetto1/aitd-roomviewer/Assets/Scripts/Room/RoomLoader.cs;Poor State Design;688
aitd-roomviewer;/home/videogames/EvoAnalysis/StarterCSV/progetto1/aitd-roomviewer/Assets/Scripts/Room/RoomLoader.cs;Poor State Design;688
aitd-roomviewer;/home/videogames/EvoAnalysis/StarterCSV/progetto1/aitd-roomviewer/Assets/Scripts/Room/RoomLoader.cs;Poor State Design;714
aitd-roomviewer;/home/videogames/EvoAnalysis/StarterCSV/progetto1/aitd-roomviewer/Assets/Scripts/Room/RoomLoader.cs;Poor State Design;714
aitd-roomviewer;/home/videogames/EvoAnalysis/StarterCSV/progetto1/aitd-roomviewer/Assets/Scripts/Room/RoomLoader.cs;Poor State Design;714
aitd-roomviewer;/home/videogames/EvoAnalysis/StarterCSV/progetto1/aitd-roomviewer/Assets/Scripts/Room/RoomLoader.cs;Poor State Design;724
aitd-roomviewer;/home/videogames/EvoAnalysis/StarterCSV/progetto1/aitd-roomviewer/Assets/Scripts/Room/RoomLoader.cs;Poor State Design;692
aitd-roomviewer;/home/videogames/EvoAnalysis/StarterCSV/progetto1/aitd-roomviewer/Assets/Scripts/Room/RoomLoader.cs;Poor State Design;696
aitd-roomviewer;/home/videogames/EvoAnalysis/StarterCSV/progetto1/aitd-roomviewer/Assets/Scripts/Room/RoomLoader.cs;Poor State Design;698
aitd-roomviewer;/home/videogames/EvoAnalysis/StarterCSV/progetto1/aitd-roomviewer/Assets/Scripts/Room/RoomLoader.cs;Poor State Design;698
aitd-roomviewer;/home/videogames/EvoAnalysis/StarterCSV/progetto1/aitd-roomviewer/Assets/Scripts/Room/RoomLoader.cs;Poor State Design;718
aitd-roomviewer;/home/videogames/EvoAnalysis/StarterCSV/progetto1/aitd-roomviewer/Assets/Scripts/Room/RoomLoader.cs;Poor State Design;738
aitd-roomviewer;/home/videogames/EvoAnalysis/StarterCSV/progetto1/aitd-roomviewer/Assets/Scripts/Room/RoomLoader.cs;Poor State Design;738
aitd-roomviewer;/home/videogames/EvoAnalysis/StarterCSV/progetto1/aitd-roomviewer/Assets/Scripts/Room/RoomLoader.cs;Poor State Design;738
aitd-roomviewer;/home/videogames/EvoAnalysis/StarterCSV/progetto1/aitd-roomviewer/Assets/Scripts/Room/RoomLoader.cs;Poor State Design;903
aitd-roomviewer;/home/videogames/EvoAnalysis/StarterCSV/progetto1/aitd-roomviewer/Assets/Scripts/Room/RoomLoader.cs;Poor State Design;907
aitd-roomviewer;/home/videogames/EvoAnalysis/StarterCSV/progetto1/aitd-roomviewer/Assets/Scripts/Room/RoomLoader.cs;Poor State Design;921
aitd-roomviewer;/home/videogames/EvoAnalysis/StarterCSV/progetto1/aitd-roomviewer/Assets/Scripts/Room/RoomLoader.cs;Poor State Design;921
aitd-roomviewer;/home/videogames/EvoAnalysis/StarterCSV/progetto1/aitd-roomviewer/Assets/Scripts/Room/RoomLoader.cs;Poor State Design;981
aitd-roomviewer;/home/videogames/EvoAnalysis/StarterCSV/progetto1/aitd-roomviewer/Assets/Scripts/Room/RoomLoader.cs;Poor State Design;991
aitd-roomviewer;/home/videogames/EvoAnalysis/StarterCSV/progetto1/aitd-roomviewer/Assets/Scripts/Room/RoomLoader.cs;Poor State Design;999
aitd-roomviewer;/home/videogames/EvoAnalysis/StarterCSV/progetto1/aitd-roomviewer/Assets/Scripts/Room/RoomLoader.cs;Poor State Design;999
aitd-roomviewer;/home/videogames/EvoAnalysis/StarterCSV/progetto1/aitd-roomviewer/Assets/Scripts/Room/RoomLoader.cs;Poor State Design;802
aitd-roomviewer;/home/videogames/EvoAnalysis/StarterCSV/progetto1/aitd-roomviewer/Assets/Scripts/Room/RoomLoader.cs;Poor State Design;802
aitd-roomviewer;/home/videogames/EvoAnalysis/StarterCSV/progetto1/aitd-roomviewer/Assets/Scripts/Room/RoomLoader.cs;Poor State Design;802
aitd-roomviewer;/home/videogames/EvoAnalysis/StarterCSV/progetto1/aitd-roomviewer/Assets/Scripts/Room/RoomLoader.cs;Poor State Design;804
aitd-roomviewer;/home/videogames/EvoAnalysis/StarterCSV/progetto1/aitd-roomviewer/Assets/Scripts/Room/RoomLoader.cs;Poor State Design;822
aitd-roomviewer;/home/videogames/EvoAnalysis/StarterCSV/progetto1/aitd-roomviewer/Assets/Scripts/Room/RoomLoader.cs;Poor State Design;807
aitd-roomviewer;/home/videogames/EvoAnalysis/StarterCSV/progetto1/aitd-roomviewer/Assets/Scripts/Room/RoomLoader.cs;Poor State Design;477
aitd-roomviewer;/home/videogames/EvoAnalysis/StarterCSV/progetto1/aitd-roomviewer/Assets/Scripts/Room/RoomLoader.cs;Poor State Design;566
aitd-roomviewer;/home/videogames/EvoAnalysis/StarterCSV/progetto1/aitd-roomviewer/Assets/Scripts/Room/RoomLoader.cs;Poor State Design;572
aitd-roomviewer;/home/videogames/EvoAnalysis/StarterCSV/progetto1/aitd-roomviewer/Assets/Scripts/Room/RoomLoader.cs;Poor State Design;572
aitd-roomviewer;/home/videogames/EvoAnalysis/StarterCSV/progetto1/aitd-roomviewer/Assets/Scripts/Room/RoomLoader.cs;Poor State Design;613
aitd-roomviewer;/home/videogames/EvoAnalysis/StarterCSV/progetto1/aitd-roomviewer/Assets/Scripts/Room/RoomLoader.cs;Poor State Design;485
aitd-roomviewer;/home/videogames/EvoAnalysis/StarterCSV/progetto1/aitd-roomviewer/Assets/Scripts/Room/RoomLoader.cs;Poor State Design;485
aitd-roomviewer;/home/videogames/EvoAnalysis/StarterCSV/progetto1/aitd-roomviewer/Assets/Scripts/Room/RoomLoader.cs;Poor State Design;497
aitd-roomviewer;/home/videogames/EvoAnalysis/StarterCSV/progetto1/aitd-roomviewer/Assets/Scripts/Room/RoomLoader.cs;Poor State Design;499
aitd-roomviewer;/home/videogames/EvoAnalysis/StarterCSV/progetto1/aitd-roomviewer/Assets/Scripts/Room/RoomLoader.cs;Poor State Design;510
aitd-roomviewer;/home/videogames/EvoAnalysis/StarterCSV/progetto1/aitd-roomviewer/Assets/Scripts/Room/RoomLoader.cs;Poor State Design;513
aitd-roomviewer;/home/videogames/EvoAnalysis/StarterCSV/progetto1/aitd-roomviewer/Assets/Scripts/Room/RoomLoader.cs;Poor State Design;542
aitd-roomviewer;/home/videogames/EvoAnalysis/StarterCSV/progetto1/aitd-roomviewer/Assets/Scripts/Room/RoomLoader.cs;Poor State Design;555
aitd-roomviewer;/home/videogames/EvoAnalysis/StarterCSV/progetto1/aitd-roomviewer/Assets/Scripts/Room/RoomLoader.cs;Poor State Design;555
aitd-roomviewer;/home/videogames/EvoAnalysis/StarterCSV/progetto1/aitd-roomviewer/Assets/Scripts/Room/RoomLoader.cs;Poor State Design;555
aitd-roomviewer;/home/videogames/EvoAnalysis/StarterCSV/progetto1/aitd-roomviewer/Assets/Scripts/Room/RoomLoader.cs;Poor State Design;549
aitd-roomviewer;/home/videogames/EvoAnalysis/StarterCSV/progetto1/aitd-roomviewer/Assets/Scripts/Model/ModelLoader.cs;Poor State Design;1173
aitd-roomviewer;/home/videogames/EvoAnalysis/StarterCSV/progetto1/aitd-roomviewer/Assets/Scripts/Model/ModelLoader.cs;Poor State Design;1187
aitd-roomviewer;/home/videogames/EvoAnalysis/StarterCSV/progetto1/aitd-roomviewer/Assets/Scripts/Model/ModelLoader.cs;Poor State Design;1187
aitd-roomviewer;/home/videogames/EvoAnalysis/StarterCSV/progetto1/aitd-roomviewer/Assets/Scripts/Model/ModelLoader.cs;Poor State Design;1175
aitd-roomviewer;/home/videogames/EvoAnalysis/StarterCSV/progetto1/aitd-roomviewer/Assets/Scripts/Model/ModelLoader.cs;Poor State Design;1394
aitd-roomviewer;/home/videogames/EvoAnalysis/StarterCSV/progetto1/aitd-roomviewer/Assets/Scripts/Model/ModelLoader.cs;Poor State Design;1394
aitd-roomviewer;/home/videogames/EvoAnalysis/StarterCSV/progetto1/aitd-roomviewer/Assets/Scripts/Model/ModelLoader.cs;Poor State Design;1403
aitd-roomviewer;/home/videogames/EvoAnalysis/StarterCSV/progetto1/aitd-roomviewer/Assets/Scripts/Model/ModelLoader.cs;Poor State Design;1417
aitd-roomviewer;/home/videogames/EvoAnalysis/StarterCSV/progetto1/aitd-roomviewer/Assets/Scripts/Model/ModelLoader.cs;Poor State Design;1431
aitd-roomviewer;/home/videogames/EvoAnalysis/StarterCSV/progetto1/aitd-roomviewer/Assets/Scripts/Model/ModelLoader.cs;Poor State Design;1435
aitd-roomviewer;/home/videogames/EvoAnalysis/StarterCSV/progetto1/aitd-roomviewer/Assets/Scripts/Model/ModelLoader.cs;Poor State Design;1460
aitd-roomviewer;/home/videogames/EvoAnalysis/StarterCSV/progetto1/aitd-roomviewer/Assets/Scripts/Model/ModelLoader.cs;Poor State Design;88
aitd-roomviewer;/home/videogames/EvoAnalysis/StarterCSV/progetto1/aitd-roomviewer/Assets/Scripts/Model/ModelLoader.cs;Poor State Design;289
aitd-roomviewer;/home/videogames/EvoAnalysis/StarterCSV/progetto1/aitd-roomviewer/Assets/Scripts/Model/ModelLoader.cs;Poor State Design;359
aitd-roomviewer;/home/videogames/EvoAnalysis/StarterCSV/progetto1/aitd-roomviewer/Assets/Scripts/Model/ModelLoader.cs;Poor State Design;128
aitd-roomviewer;/home/videogames/EvoAnalysis/StarterCSV/progetto1/aitd-roomviewer/Assets/Scripts/Model/ModelLoader.cs;Poor State Design;208
aitd-roomviewer;/home/videogames/EvoAnalysis/StarterCSV/progetto1/aitd-roomviewer/Assets/Scripts/Model/ModelLoader.cs;Poor State Design;492
aitd-roomviewer;/home/videogames/EvoAnalysis/StarterCSV/progetto1/aitd-roomviewer/Assets/Scripts/Model/ModelLoader.cs;Poor State Design;169
aitd-roomviewer;/home/videogames/EvoAnalysis/StarterCSV/progetto1/aitd-roomviewer/Assets/Scripts/Model/ModelLoader.cs;Poor State Design;811
aitd-roomviewer;/home/videogames/EvoAnalysis/StarterCSV/progetto1/aitd-roomviewer/Assets/Scripts/Model/ModelLoader.cs;Poor State Design;792
aitd-roomviewer;/home/videogames/EvoAnalysis/StarterCSV/progetto1/aitd-roomviewer/Assets/Scripts/Model/ModelLoader.cs;Poor State Design;767
aitd-roomviewer;/home/videogames/EvoAnalysis/StarterCSV/progetto1/aitd-roomviewer/Assets/Scripts/Model/ModelLoader.cs;Poor State Design;773
aitd-roomviewer;/home/videogames/EvoAnalysis/StarterCSV/progetto1/aitd-roomviewer/Assets/Scripts/Model/ModelLoader.cs;Poor State Design;773
aitd-roomviewer;/home/videogames/EvoAnalysis/StarterCSV/progetto1/aitd-roomviewer/Assets/Scripts/Model/ModelLoader.cs;Poor State Design;821
aitd-roomviewer;/home/videogames/EvoAnalysis/StarterCSV/progetto1/aitd-roomviewer/Assets/Scripts/Model/ModelLoader.cs;Poor State Design;821
aitd-roomviewer;/home/videogames/EvoAnalysis/StarterCSV/progetto1/aitd-roomviewer/Assets/Scripts/Model/ModelLoader.cs;Poor State Design;1044
aitd-roomviewer;/home/videogames/EvoAnalysis/StarterCSV/progetto1/aitd-roomviewer/Assets/Scripts/Model/ModelLoader.cs;Poor State Design;1102
aitd-roomviewer;/home/videogames/EvoAnalysis/StarterCSV/progetto1/aitd-roomviewer/Assets/Scripts/Model/ModelLoader.cs;Poor State Design;1114
aitd-roomviewer;/home/videogames/EvoAnalysis/StarterCSV/progetto1/aitd-roomviewer/Assets/Scripts/Model/ModelLoader.cs;Poor State Design;1114
aitd-roomviewer;/home/videogames/EvoAnalysis/StarterCSV/progetto1/aitd-roomviewer/Assets/Scripts/Model/ModelLoader.cs;Poor State Design;1120
aitd-roomviewer;/home/videogames/EvoAnalysis/StarterCSV/progetto1/aitd-roomviewer/Assets/Scripts/Model/ModelLoader.cs;Poor State Design;1120
aitd-roomviewer;/home/videogames/EvoAnalysis/StarterCSV/progetto1/aitd-roomviewer/Assets/Scripts/Model/ModelLoader.cs;Poor State Design;1127
aitd-roomviewer;/home/videogames/EvoAnalysis/StarterCSV/progetto1/aitd-roomviewer/Assets/Scripts/Model/ModelLoader.cs;Poor State Design;1127
aitd-roomviewer;/home/videogames/EvoAnalysis/StarterCSV/progetto1/aitd-roomviewer/Assets/Scripts/Model/ModelLoader.cs;Poor State Design;1137
aitd-roomviewer;/home/videogames/EvoAnalysis/StarterCSV/progetto1/aitd-roomviewer/Assets/Scripts/Model/ModelLoader.cs;Poor State Design;1137
aitd-roomviewer;/home/videogames/EvoAnalysis/StarterCSV/progetto1/aitd-roomviewer/Assets/Scripts/Model/ModelLoader.cs;Poor State Design;1137
aitd-roomviewer;/home/videogames/EvoAnalysis/StarterCSV/progetto1/aitd-roomviewer/Assets/Scripts/Model/ModelLoader.cs;Poor State Design;1026
aitd-roomviewer;/home/videogames/EvoAnalysis/StarterCSV/progetto1/aitd-roomviewer/Assets/Scripts/Model/ModelLoader.cs;Poor State Design;1073
aitd-roomviewer;/home/videogames/EvoAnalysis/StarterCSV/progetto1/aitd-roomviewer/Assets/Scripts/Model/ModelLoader.cs;Poor State Design;1088
aitd-roomviewer;/home/videogames/EvoAnalysis/StarterCSV/progetto1/aitd-roomviewer/Assets/Scripts/Model/ModelLoader.cs;Poor State Design;1090
aitd-roomviewer;/home/videogames/EvoAnalysis/StarterCSV/progetto1/aitd-roomviewer/Assets/Scripts/Model/ModelLoader.cs;Poor State Design;1095
