ProjectName;FilePath;SmellType;Line
aitd-roomviewer;/home/videogames/EvoAnalysis/StarterCSV/progetto1/aitd-roomviewer/Assets/Scripts/DosBox/DosBox.cs;Weak Temporization;506
aitd-roomviewer;/home/videogames/EvoAnalysis/StarterCSV/progetto1/aitd-roomviewer/Assets/Scripts/DosBox/WarpDialog.cs;Weak Temporization;31
aitd-roomviewer;/home/videogames/EvoAnalysis/StarterCSV/progetto1/aitd-roomviewer/Assets/Scripts/Room/RoomLoader.cs;Weak Temporization;449
aitd-roomviewer;/home/videogames/EvoAnalysis/StarterCSV/progetto1/aitd-roomviewer/Assets/Scripts/Model/ModelLoader.cs;Weak Temporization;904
aitd-roomviewer;/home/videogames/EvoAnalysis/StarterCSV/progetto1/aitd-roomviewer/Assets/Scripts/DosBox/DosBox.cs;Dependency Between Objects;12
aitd-roomviewer;/home/videogames/EvoAnalysis/StarterCSV/progetto1/aitd-roomviewer/Assets/Scripts/DosBox/DosBox.cs;Dependency Between Objects;14
aitd-roomviewer;/home/videogames/EvoAnalysis/StarterCSV/progetto1/aitd-roomviewer/Assets/Scripts/DosBox/DosBox.cs;Dependency Between Objects;15
aitd-roomviewer;/home/videogames/EvoAnalysis/StarterCSV/progetto1/aitd-roomviewer/Assets/Scripts/DosBox/DosBox.cs;Dependency Between Objects;16
aitd-roomviewer;/home/videogames/EvoAnalysis/StarterCSV/progetto1/aitd-roomviewer/Assets/Scripts/DosBox/DosBox.cs;Dependency Between Objects;26
aitd-roomviewer;/home/videogames/EvoAnalysis/StarterCSV/progetto1/aitd-roomviewer/Assets/Scripts/DosBox/DosBox.cs;Dependency Between Objects;27
aitd-roomviewer;/home/videogames/EvoAnalysis/StarterCSV/progetto1/aitd-roomviewer/Assets/Scripts/DosBox/DosBox.cs;Dependency Between Objects;66
aitd-roomviewer;/home/videogames/EvoAnalysis/StarterCSV/progetto1/aitd-roomviewer/Assets/Scripts/DosBox/DosBox.cs;Dependency Between Objects;67
aitd-roomviewer;/home/videogames/EvoAnalysis/StarterCSV/progetto1/aitd-roomviewer/Assets/Scripts/DosBox/WarpDialog.cs;Dependency Between Objects;12
aitd-roomviewer;/home/videogames/EvoAnalysis/StarterCSV/progetto1/aitd-roomviewer/Assets/Scripts/DosBox/WarpDialog.cs;Dependency Between Objects;21
aitd-roomviewer;/home/videogames/EvoAnalysis/StarterCSV/progetto1/aitd-roomviewer/Assets/Scripts/DosBox/WarpDialog.cs;Dependency Between Objects;23
aitd-roomviewer;/home/videogames/EvoAnalysis/StarterCSV/progetto1/aitd-roomviewer/Assets/Scripts/Room/RoomLoader.cs;Dependency Between Objects;22
aitd-roomviewer;/home/videogames/EvoAnalysis/StarterCSV/progetto1/aitd-roomviewer/Assets/Scripts/Room/RoomLoader.cs;Dependency Between Objects;24
aitd-roomviewer;/home/videogames/EvoAnalysis/StarterCSV/progetto1/aitd-roomviewer/Assets/Scripts/Room/RoomLoader.cs;Dependency Between Objects;25
aitd-roomviewer;/home/videogames/EvoAnalysis/StarterCSV/progetto1/aitd-roomviewer/Assets/Scripts/Room/RoomLoader.cs;Dependency Between Objects;29
aitd-roomviewer;/home/videogames/EvoAnalysis/StarterCSV/progetto1/aitd-roomviewer/Assets/Scripts/Room/RoomLoader.cs;Dependency Between Objects;32
aitd-roomviewer;/home/videogames/EvoAnalysis/StarterCSV/progetto1/aitd-roomviewer/Assets/Scripts/Room/RoomLoader.cs;Dependency Between Objects;33
aitd-roomviewer;/home/videogames/EvoAnalysis/StarterCSV/progetto1/aitd-roomviewer/Assets/Scripts/Room/RoomLoader.cs;Dependency Between Objects;35
aitd-roomviewer;/home/videogames/EvoAnalysis/StarterCSV/progetto1/aitd-roomviewer/Assets/Scripts/Room/RoomLoader.cs;Dependency Between Objects;36
aitd-roomviewer;/home/videogames/EvoAnalysis/StarterCSV/progetto1/aitd-roomviewer/Assets/Scripts/Room/RoomLoader.cs;Dependency Between Objects;37
aitd-roomviewer;/home/videogames/EvoAnalysis/StarterCSV/progetto1/aitd-roomviewer/Assets/Scripts/Room/RoomLoader.cs;Dependency Between Objects;46
aitd-roomviewer;/home/videogames/EvoAnalysis/StarterCSV/progetto1/aitd-roomviewer/Assets/Scripts/Room/RoomLoader.cs;Dependency Between Objects;47
aitd-roomviewer;/home/videogames/EvoAnalysis/StarterCSV/progetto1/aitd-roomviewer/Assets/Scripts/Room/RoomLoader.cs;Dependency Between Objects;49
aitd-roomviewer;/home/videogames/EvoAnalysis/StarterCSV/progetto1/aitd-roomviewer/Assets/Scripts/Room/RoomLoader.cs;Dependency Between Objects;50
aitd-roomviewer;/home/videogames/EvoAnalysis/StarterCSV/progetto1/aitd-roomviewer/Assets/Scripts/Room/RoomLoader.cs;Dependency Between Objects;51
aitd-roomviewer;/home/videogames/EvoAnalysis/StarterCSV/progetto1/aitd-roomviewer/Assets/Scripts/Room/RoomLoader.cs;Dependency Between Objects;52
aitd-roomviewer;/home/videogames/EvoAnalysis/StarterCSV/progetto1/aitd-roomviewer/Assets/Scripts/Room/RoomLoader.cs;Dependency Between Objects;53
aitd-roomviewer;/home/videogames/EvoAnalysis/StarterCSV/progetto1/aitd-roomviewer/Assets/Scripts/Room/Box.cs;Dependency Between Objects;52
aitd-roomviewer;/home/videogames/EvoAnalysis/StarterCSV/progetto1/aitd-roomviewer/Assets/Scripts/Room/Box.cs;Dependency Between Objects;53
aitd-roomviewer;/home/videogames/EvoAnalysis/StarterCSV/progetto1/aitd-roomviewer/Assets/Scripts/Room/Box.cs;Dependency Between Objects;63
aitd-roomviewer;/home/videogames/EvoAnalysis/StarterCSV/progetto1/aitd-roomviewer/Assets/Scripts/Model/Frame.cs;Dependency Between Objects;8
aitd-roomviewer;/home/videogames/EvoAnalysis/StarterCSV/progetto1/aitd-roomviewer/Assets/Scripts/Model/ModelLoader.cs;Dependency Between Objects;19
aitd-roomviewer;/home/videogames/EvoAnalysis/StarterCSV/progetto1/aitd-roomviewer/Assets/Scripts/Model/ModelLoader.cs;Dependency Between Objects;29
aitd-roomviewer;/home/videogames/EvoAnalysis/StarterCSV/progetto1/aitd-roomviewer/Assets/Scripts/Model/ModelLoader.cs;Dependency Between Objects;62
aitd-roomviewer;/home/videogames/EvoAnalysis/StarterCSV/progetto1/aitd-roomviewer/Assets/Scripts/Model/ModelLoader.cs;Dependency Between Objects;63
aitd-roomviewer;/home/videogames/EvoAnalysis/StarterCSV/progetto1/aitd-roomviewer/Assets/Scripts/Model/ModelLoader.cs;Dependency Between Objects;64
aitd-roomviewer;/home/videogames/EvoAnalysis/StarterCSV/progetto1/aitd-roomviewer/Assets/Scripts/Model/ModelLoader.cs;Dependency Between Objects;65
aitd-roomviewer;/home/videogames/EvoAnalysis/StarterCSV/progetto1/aitd-roomviewer/Assets/Scripts/DosBox/DosBox.cs;Dependency Between Objects;398
aitd-roomviewer;/home/videogames/EvoAnalysis/StarterCSV/progetto1/aitd-roomviewer/Assets/Scripts/DosBox/DosBox.cs;Dependency Between Objects;428
aitd-roomviewer;/home/videogames/EvoAnalysis/StarterCSV/progetto1/aitd-roomviewer/Assets/Scripts/DosBox/DosBox.cs;Dependency Between Objects;660
aitd-roomviewer;/home/videogames/EvoAnalysis/StarterCSV/progetto1/aitd-roomviewer/Assets/Scripts/DosBox/DosBox.cs;Dependency Between Objects;813
aitd-roomviewer;/home/videogames/EvoAnalysis/StarterCSV/progetto1/aitd-roomviewer/Assets/Scripts/DosBox/WarpDialog.cs;Dependency Between Objects;69
aitd-roomviewer;/home/videogames/EvoAnalysis/StarterCSV/progetto1/aitd-roomviewer/Assets/Scripts/DosBox/WarpDialog.cs;Dependency Between Objects;129
aitd-roomviewer;/home/videogames/EvoAnalysis/StarterCSV/progetto1/aitd-roomviewer/Assets/Scripts/DosBox/WarpDialog.cs;Dependency Between Objects;147
aitd-roomviewer;/home/videogames/EvoAnalysis/StarterCSV/progetto1/aitd-roomviewer/Assets/Scripts/DosBox/WarpDialog.cs;Dependency Between Objects;160
aitd-roomviewer;/home/videogames/EvoAnalysis/StarterCSV/progetto1/aitd-roomviewer/Assets/Scripts/DosBox/WarpDialog.cs;Dependency Between Objects;216
aitd-roomviewer;/home/videogames/EvoAnalysis/StarterCSV/progetto1/aitd-roomviewer/Assets/Scripts/DosBox/WarpDialog.cs;Dependency Between Objects;227
aitd-roomviewer;/home/videogames/EvoAnalysis/StarterCSV/progetto1/aitd-roomviewer/Assets/Scripts/DosBox/WarpDialog.cs;Dependency Between Objects;239
aitd-roomviewer;/home/videogames/EvoAnalysis/StarterCSV/progetto1/aitd-roomviewer/Assets/Scripts/DosBox/WarpDialog.cs;Dependency Between Objects;252
aitd-roomviewer;/home/videogames/EvoAnalysis/StarterCSV/progetto1/aitd-roomviewer/Assets/Scripts/DosBox/WarpDialog.cs;Dependency Between Objects;305
aitd-roomviewer;/home/videogames/EvoAnalysis/StarterCSV/progetto1/aitd-roomviewer/Assets/Scripts/DosBox/WarpDialog.cs;Dependency Between Objects;317
aitd-roomviewer;/home/videogames/EvoAnalysis/StarterCSV/progetto1/aitd-roomviewer/Assets/Scripts/Room/RoomLoader.cs;Dependency Between Objects;1032
aitd-roomviewer;/home/videogames/EvoAnalysis/StarterCSV/progetto1/aitd-roomviewer/Assets/Scripts/Room/Box.cs;Dependency Between Objects;233
aitd-roomviewer;/home/videogames/EvoAnalysis/StarterCSV/progetto1/aitd-roomviewer/Assets/Scripts/Model/ModelLoader.cs;Dependency Between Objects;585
aitd-roomviewer;/home/videogames/EvoAnalysis/StarterCSV/progetto1/aitd-roomviewer/Assets/Scripts/Room/RoomLoader.cs;Lack of separation of concern;NP
aitd-roomviewer;/home/videogames/EvoAnalysis/StarterCSV/progetto1/aitd-roomviewer/Assets/Scripts/Model/ModelLoader.cs;Lack of separation of concern;NP
aitd-roomviewer;/home/videogames/EvoAnalysis/StarterCSV/progetto1/aitd-roomviewer/Assets/Scripts/DosBox/DosBox.cs;Poor State Design;522
aitd-roomviewer;/home/videogames/EvoAnalysis/StarterCSV/progetto1/aitd-roomviewer/Assets/Scripts/DosBox/DosBox.cs;Poor State Design;522
aitd-roomviewer;/home/videogames/EvoAnalysis/StarterCSV/progetto1/aitd-roomviewer/Assets/Scripts/DosBox/WarpDialog.cs;Poor State Design;72
aitd-roomviewer;/home/videogames/EvoAnalysis/StarterCSV/progetto1/aitd-roomviewer/Assets/Scripts/DosBox/WarpDialog.cs;Poor State Design;33
aitd-roomviewer;/home/videogames/EvoAnalysis/StarterCSV/progetto1/aitd-roomviewer/Assets/Scripts/DosBox/WarpDialog.cs;Poor State Design;39
aitd-roomviewer;/home/videogames/EvoAnalysis/StarterCSV/progetto1/aitd-roomviewer/Assets/Scripts/DosBox/WarpDialog.cs;Poor State Design;39
aitd-roomviewer;/home/videogames/EvoAnalysis/StarterCSV/progetto1/aitd-roomviewer/Assets/Scripts/DosBox/WarpDialog.cs;Poor State Design;44
aitd-roomviewer;/home/videogames/EvoAnalysis/StarterCSV/progetto1/aitd-roomviewer/Assets/Scripts/DosBox/WarpDialog.cs;Poor State Design;56
aitd-roomviewer;/home/videogames/EvoAnalysis/StarterCSV/progetto1/aitd-roomviewer/Assets/Scripts/DosBox/WarpDialog.cs;Poor State Design;56
aitd-roomviewer;/home/videogames/EvoAnalysis/StarterCSV/progetto1/aitd-roomviewer/Assets/Scripts/Room/RoomLoader.cs;Poor State Design;597
aitd-roomviewer;/home/videogames/EvoAnalysis/StarterCSV/progetto1/aitd-roomviewer/Assets/Scripts/Room/RoomLoader.cs;Poor State Design;640
aitd-roomviewer;/home/videogames/EvoAnalysis/StarterCSV/progetto1/aitd-roomviewer/Assets/Scripts/Room/RoomLoader.cs;Poor State Design;605
aitd-roomviewer;/home/videogames/EvoAnalysis/StarterCSV/progetto1/aitd-roomviewer/Assets/Scripts/Room/RoomLoader.cs;Poor State Design;607
aitd-roomviewer;/home/videogames/EvoAnalysis/StarterCSV/progetto1/aitd-roomviewer/Assets/Scripts/Room/RoomLoader.cs;Poor State Design;610
aitd-roomviewer;/home/videogames/EvoAnalysis/StarterCSV/progetto1/aitd-roomviewer/Assets/Scripts/Room/RoomLoader.cs;Poor State Design;653
aitd-roomviewer;/home/videogames/EvoAnalysis/StarterCSV/progetto1/aitd-roomviewer/Assets/Scripts/Room/RoomLoader.cs;Poor State Design;653
aitd-roomviewer;/home/videogames/EvoAnalysis/StarterCSV/progetto1/aitd-roomviewer/Assets/Scripts/Room/RoomLoader.cs;Poor State Design;677
aitd-roomviewer;/home/videogames/EvoAnalysis/StarterCSV/progetto1/aitd-roomviewer/Assets/Scripts/Room/RoomLoader.cs;Poor State Design;677
aitd-roomviewer;/home/videogames/EvoAnalysis/StarterCSV/progetto1/aitd-roomviewer/Assets/Scripts/Room/RoomLoader.cs;Poor State Design;690
aitd-roomviewer;/home/videogames/EvoAnalysis/StarterCSV/progetto1/aitd-roomviewer/Assets/Scripts/Room/RoomLoader.cs;Poor State Design;690
aitd-roomviewer;/home/videogames/EvoAnalysis/StarterCSV/progetto1/aitd-roomviewer/Assets/Scripts/Room/RoomLoader.cs;Poor State Design;690
aitd-roomviewer;/home/videogames/EvoAnalysis/StarterCSV/progetto1/aitd-roomviewer/Assets/Scripts/Room/RoomLoader.cs;Poor State Design;700
aitd-roomviewer;/home/videogames/EvoAnalysis/StarterCSV/progetto1/aitd-roomviewer/Assets/Scripts/Room/RoomLoader.cs;Poor State Design;657
aitd-roomviewer;/home/videogames/EvoAnalysis/StarterCSV/progetto1/aitd-roomviewer/Assets/Scripts/Room/RoomLoader.cs;Poor State Design;663
aitd-roomviewer;/home/videogames/EvoAnalysis/StarterCSV/progetto1/aitd-roomviewer/Assets/Scripts/Room/RoomLoader.cs;Poor State Design;663
aitd-roomviewer;/home/videogames/EvoAnalysis/StarterCSV/progetto1/aitd-roomviewer/Assets/Scripts/Room/RoomLoader.cs;Poor State Design;682
aitd-roomviewer;/home/videogames/EvoAnalysis/StarterCSV/progetto1/aitd-roomviewer/Assets/Scripts/Room/RoomLoader.cs;Poor State Design;694
aitd-roomviewer;/home/videogames/EvoAnalysis/StarterCSV/progetto1/aitd-roomviewer/Assets/Scripts/Room/RoomLoader.cs;Poor State Design;881
aitd-roomviewer;/home/videogames/EvoAnalysis/StarterCSV/progetto1/aitd-roomviewer/Assets/Scripts/Room/RoomLoader.cs;Poor State Design;885
aitd-roomviewer;/home/videogames/EvoAnalysis/StarterCSV/progetto1/aitd-roomviewer/Assets/Scripts/Room/RoomLoader.cs;Poor State Design;899
aitd-roomviewer;/home/videogames/EvoAnalysis/StarterCSV/progetto1/aitd-roomviewer/Assets/Scripts/Room/RoomLoader.cs;Poor State Design;899
aitd-roomviewer;/home/videogames/EvoAnalysis/StarterCSV/progetto1/aitd-roomviewer/Assets/Scripts/Room/RoomLoader.cs;Poor State Design;956
aitd-roomviewer;/home/videogames/EvoAnalysis/StarterCSV/progetto1/aitd-roomviewer/Assets/Scripts/Room/RoomLoader.cs;Poor State Design;966
aitd-roomviewer;/home/videogames/EvoAnalysis/StarterCSV/progetto1/aitd-roomviewer/Assets/Scripts/Room/RoomLoader.cs;Poor State Design;974
aitd-roomviewer;/home/videogames/EvoAnalysis/StarterCSV/progetto1/aitd-roomviewer/Assets/Scripts/Room/RoomLoader.cs;Poor State Design;974
aitd-roomviewer;/home/videogames/EvoAnalysis/StarterCSV/progetto1/aitd-roomviewer/Assets/Scripts/Room/RoomLoader.cs;Poor State Design;764
aitd-roomviewer;/home/videogames/EvoAnalysis/StarterCSV/progetto1/aitd-roomviewer/Assets/Scripts/Room/RoomLoader.cs;Poor State Design;794
aitd-roomviewer;/home/videogames/EvoAnalysis/StarterCSV/progetto1/aitd-roomviewer/Assets/Scripts/Room/RoomLoader.cs;Poor State Design;800
aitd-roomviewer;/home/videogames/EvoAnalysis/StarterCSV/progetto1/aitd-roomviewer/Assets/Scripts/Room/RoomLoader.cs;Poor State Design;767
aitd-roomviewer;/home/videogames/EvoAnalysis/StarterCSV/progetto1/aitd-roomviewer/Assets/Scripts/Room/RoomLoader.cs;Poor State Design;770
aitd-roomviewer;/home/videogames/EvoAnalysis/StarterCSV/progetto1/aitd-roomviewer/Assets/Scripts/Room/RoomLoader.cs;Poor State Design;782
aitd-roomviewer;/home/videogames/EvoAnalysis/StarterCSV/progetto1/aitd-roomviewer/Assets/Scripts/Room/RoomLoader.cs;Poor State Design;476
aitd-roomviewer;/home/videogames/EvoAnalysis/StarterCSV/progetto1/aitd-roomviewer/Assets/Scripts/Room/RoomLoader.cs;Poor State Design;533
aitd-roomviewer;/home/videogames/EvoAnalysis/StarterCSV/progetto1/aitd-roomviewer/Assets/Scripts/Room/RoomLoader.cs;Poor State Design;539
aitd-roomviewer;/home/videogames/EvoAnalysis/StarterCSV/progetto1/aitd-roomviewer/Assets/Scripts/Room/RoomLoader.cs;Poor State Design;539
aitd-roomviewer;/home/videogames/EvoAnalysis/StarterCSV/progetto1/aitd-roomviewer/Assets/Scripts/Room/RoomLoader.cs;Poor State Design;555
aitd-roomviewer;/home/videogames/EvoAnalysis/StarterCSV/progetto1/aitd-roomviewer/Assets/Scripts/Room/RoomLoader.cs;Poor State Design;559
aitd-roomviewer;/home/videogames/EvoAnalysis/StarterCSV/progetto1/aitd-roomviewer/Assets/Scripts/Room/RoomLoader.cs;Poor State Design;578
aitd-roomviewer;/home/videogames/EvoAnalysis/StarterCSV/progetto1/aitd-roomviewer/Assets/Scripts/Room/RoomLoader.cs;Poor State Design;578
aitd-roomviewer;/home/videogames/EvoAnalysis/StarterCSV/progetto1/aitd-roomviewer/Assets/Scripts/Room/RoomLoader.cs;Poor State Design;489
aitd-roomviewer;/home/videogames/EvoAnalysis/StarterCSV/progetto1/aitd-roomviewer/Assets/Scripts/Room/RoomLoader.cs;Poor State Design;497
aitd-roomviewer;/home/videogames/EvoAnalysis/StarterCSV/progetto1/aitd-roomviewer/Assets/Scripts/Room/RoomLoader.cs;Poor State Design;509
aitd-roomviewer;/home/videogames/EvoAnalysis/StarterCSV/progetto1/aitd-roomviewer/Assets/Scripts/Room/RoomLoader.cs;Poor State Design;522
aitd-roomviewer;/home/videogames/EvoAnalysis/StarterCSV/progetto1/aitd-roomviewer/Assets/Scripts/Room/RoomLoader.cs;Poor State Design;522
aitd-roomviewer;/home/videogames/EvoAnalysis/StarterCSV/progetto1/aitd-roomviewer/Assets/Scripts/Room/RoomLoader.cs;Poor State Design;522
aitd-roomviewer;/home/videogames/EvoAnalysis/StarterCSV/progetto1/aitd-roomviewer/Assets/Scripts/Room/RoomLoader.cs;Poor State Design;516
aitd-roomviewer;/home/videogames/EvoAnalysis/StarterCSV/progetto1/aitd-roomviewer/Assets/Scripts/Model/ModelLoader.cs;Poor State Design;1321
aitd-roomviewer;/home/videogames/EvoAnalysis/StarterCSV/progetto1/aitd-roomviewer/Assets/Scripts/Model/ModelLoader.cs;Poor State Design;1335
aitd-roomviewer;/home/videogames/EvoAnalysis/StarterCSV/progetto1/aitd-roomviewer/Assets/Scripts/Model/ModelLoader.cs;Poor State Design;1349
aitd-roomviewer;/home/videogames/EvoAnalysis/StarterCSV/progetto1/aitd-roomviewer/Assets/Scripts/Model/ModelLoader.cs;Poor State Design;1353
aitd-roomviewer;/home/videogames/EvoAnalysis/StarterCSV/progetto1/aitd-roomviewer/Assets/Scripts/Model/ModelLoader.cs;Poor State Design;285
aitd-roomviewer;/home/videogames/EvoAnalysis/StarterCSV/progetto1/aitd-roomviewer/Assets/Scripts/Model/ModelLoader.cs;Poor State Design;355
aitd-roomviewer;/home/videogames/EvoAnalysis/StarterCSV/progetto1/aitd-roomviewer/Assets/Scripts/Model/ModelLoader.cs;Poor State Design;124
aitd-roomviewer;/home/videogames/EvoAnalysis/StarterCSV/progetto1/aitd-roomviewer/Assets/Scripts/Model/ModelLoader.cs;Poor State Design;204
aitd-roomviewer;/home/videogames/EvoAnalysis/StarterCSV/progetto1/aitd-roomviewer/Assets/Scripts/Model/ModelLoader.cs;Poor State Design;487
aitd-roomviewer;/home/videogames/EvoAnalysis/StarterCSV/progetto1/aitd-roomviewer/Assets/Scripts/Model/ModelLoader.cs;Poor State Design;165
aitd-roomviewer;/home/videogames/EvoAnalysis/StarterCSV/progetto1/aitd-roomviewer/Assets/Scripts/Model/ModelLoader.cs;Poor State Design;775
aitd-roomviewer;/home/videogames/EvoAnalysis/StarterCSV/progetto1/aitd-roomviewer/Assets/Scripts/Model/ModelLoader.cs;Poor State Design;756
aitd-roomviewer;/home/videogames/EvoAnalysis/StarterCSV/progetto1/aitd-roomviewer/Assets/Scripts/Model/ModelLoader.cs;Poor State Design;737
aitd-roomviewer;/home/videogames/EvoAnalysis/StarterCSV/progetto1/aitd-roomviewer/Assets/Scripts/Model/ModelLoader.cs;Poor State Design;785
aitd-roomviewer;/home/videogames/EvoAnalysis/StarterCSV/progetto1/aitd-roomviewer/Assets/Scripts/Model/ModelLoader.cs;Poor State Design;785
aitd-roomviewer;/home/videogames/EvoAnalysis/StarterCSV/progetto1/aitd-roomviewer/Assets/Scripts/Model/ModelLoader.cs;Poor State Design;1072
aitd-roomviewer;/home/videogames/EvoAnalysis/StarterCSV/progetto1/aitd-roomviewer/Assets/Scripts/Model/ModelLoader.cs;Poor State Design;1074
aitd-roomviewer;/home/videogames/EvoAnalysis/StarterCSV/progetto1/aitd-roomviewer/Assets/Scripts/Model/ModelLoader.cs;Poor State Design;929
aitd-roomviewer;/home/videogames/EvoAnalysis/StarterCSV/progetto1/aitd-roomviewer/Assets/Scripts/Model/ModelLoader.cs;Poor State Design;993
aitd-roomviewer;/home/videogames/EvoAnalysis/StarterCSV/progetto1/aitd-roomviewer/Assets/Scripts/Model/ModelLoader.cs;Poor State Design;1005
aitd-roomviewer;/home/videogames/EvoAnalysis/StarterCSV/progetto1/aitd-roomviewer/Assets/Scripts/Model/ModelLoader.cs;Poor State Design;1005
aitd-roomviewer;/home/videogames/EvoAnalysis/StarterCSV/progetto1/aitd-roomviewer/Assets/Scripts/Model/ModelLoader.cs;Poor State Design;1011
aitd-roomviewer;/home/videogames/EvoAnalysis/StarterCSV/progetto1/aitd-roomviewer/Assets/Scripts/Model/ModelLoader.cs;Poor State Design;1011
aitd-roomviewer;/home/videogames/EvoAnalysis/StarterCSV/progetto1/aitd-roomviewer/Assets/Scripts/Model/ModelLoader.cs;Poor State Design;1018
aitd-roomviewer;/home/videogames/EvoAnalysis/StarterCSV/progetto1/aitd-roomviewer/Assets/Scripts/Model/ModelLoader.cs;Poor State Design;1018
aitd-roomviewer;/home/videogames/EvoAnalysis/StarterCSV/progetto1/aitd-roomviewer/Assets/Scripts/Model/ModelLoader.cs;Poor State Design;1025
aitd-roomviewer;/home/videogames/EvoAnalysis/StarterCSV/progetto1/aitd-roomviewer/Assets/Scripts/Model/ModelLoader.cs;Poor State Design;1025
aitd-roomviewer;/home/videogames/EvoAnalysis/StarterCSV/progetto1/aitd-roomviewer/Assets/Scripts/Model/ModelLoader.cs;Poor State Design;1025
aitd-roomviewer;/home/videogames/EvoAnalysis/StarterCSV/progetto1/aitd-roomviewer/Assets/Scripts/Model/ModelLoader.cs;Poor State Design;1043
aitd-roomviewer;/home/videogames/EvoAnalysis/StarterCSV/progetto1/aitd-roomviewer/Assets/Scripts/Model/ModelLoader.cs;Poor State Design;911
aitd-roomviewer;/home/videogames/EvoAnalysis/StarterCSV/progetto1/aitd-roomviewer/Assets/Scripts/Model/ModelLoader.cs;Poor State Design;959
aitd-roomviewer;/home/videogames/EvoAnalysis/StarterCSV/progetto1/aitd-roomviewer/Assets/Scripts/Model/ModelLoader.cs;Poor State Design;975
aitd-roomviewer;/home/videogames/EvoAnalysis/StarterCSV/progetto1/aitd-roomviewer/Assets/Scripts/Model/ModelLoader.cs;Poor State Design;978
aitd-roomviewer;/home/videogames/EvoAnalysis/StarterCSV/progetto1/aitd-roomviewer/Assets/Scripts/Model/ModelLoader.cs;Poor State Design;980
aitd-roomviewer;/home/videogames/EvoAnalysis/StarterCSV/progetto1/aitd-roomviewer/Assets/Scripts/Model/ModelLoader.cs;Poor State Design;985
